>>> sed -n '1,260p' src/features.py
#!/usr/bin/env python3
import json, argparse, pathlib

CONTEXT_RADIUS = 6
SHORT_WINDOW_RADII = (2, 6)
NGRAM_RADIUS = 3
PADDING_LOOKAHEAD = 8

BASE_MNEMONICS = ["push", "mov", "sub", "add", "call", "jmp", "lea", "xor", "nop"]
NGRAM_PATTERNS = [
    ("push", "mov"),
    ("push", "mov", "sub"),
    ("mov", "call"),
    ("sub", "call"),
    ("xor", "xor"),
    ("leave", "ret"),
]

BASE_FEATURE_KEYS = [
    "align16",
    "align32",
    "align64",
    "reachable",
    "xrefs_in",
    "xrefs_out_count",
    "prev_is_ret",
    "has_push_rbp",
    "window2_xrefs_in",
    "window2_xrefs_out",
    "window6_xrefs_in",
    "window6_xrefs_out",
    "padding_nop_run",
]

MNEMONIC_FEATURE_KEYS = [f"m_{m}" for m in BASE_MNEMONICS]
NGRAM_FEATURE_KEYS = ["ng_" + "_".join(pat) for pat in NGRAM_PATTERNS]

CFG_FEATURE_KEYS = [
    "bb_start",
    "byte_sum",
    "byte_len",
    "rsp_touch",
    "bb_preds",
    "bb_succs",
    "bb_len",
    "byte_entropy",
]

FEATURE_KEYS = BASE_FEATURE_KEYS + MNEMONIC_FEATURE_KEYS + NGRAM_FEATURE_KEYS + CFG_FEATURE_KEYS


def get_feature_keys():
    return list(FEATURE_KEYS)

def load_asm_json(path):
    with open(path) as f:
        return json.load(f)

def build_index(instrs):
    return {ins["addr"]: i for i, ins in enumerate(instrs)}


def _is_branch(ins):
    mnem = ins.get("mnemonic", "")
    if not mnem:
        return False
    if mnem.startswith("j"):
        return True
    return mnem in {"loop", "loope", "loopne", "jecxz", "jrcxz"}


def _is_conditional_branch(ins):
    mnem = ins.get("mnemonic", "")
    if not mnem:
        return False
    if mnem.startswith("j") and not mnem.startswith("jmp"):
        return True
    return False


def compute_reachable_addrs(instrs, labels=None):
    if not instrs:
        return set()
    addr_to_idx = {ins["addr"]: i for i, ins in enumerate(instrs)}

    seeds = {instrs[0]["addr"]}
    if labels:
        for key in labels:
            try:
                addr = int(key)
            except Exception:
                try:
                    addr = int(str(key), 16)
                except Exception:
                    continue
            if addr in addr_to_idx:
                seeds.add(addr)

    reachable = set()
    stack = list(seeds)
    while stack:
        addr = stack.pop()
        idx = addr_to_idx.get(addr)
        if idx is None or idx in reachable:
            continue
        reachable.add(idx)
        ins = instrs[idx]
        mnem = ins.get("mnemonic", "")
        ops = ins.get("ops", "")
        targets = [t for t in ins.get("xrefs_out", []) if isinstance(t, int)]

        # terminators: ret or unconditional jmp (incl. indirect)
        if mnem.startswith("ret"):
            continue
        if mnem.startswith("jmp") and not _is_conditional_branch(ins):
            stack.extend(targets)
            continue
        if mnem in {"hlt", "ud2"}:
            continue

        # fallthrough
        if idx + 1 < len(instrs):
            stack.append(instrs[idx + 1]["addr"])
        # branch/call targets
        stack.extend(targets)

    return {instrs[i]["addr"] for i in reachable}


def candidate_addresses(data):
    instrs = data["instrs"]
    if not instrs:
        return []

    addr_set = {ins["addr"] for ins in instrs}
    addrs = set()

    # section start as candidate
    addrs.add(instrs[0]["addr"])

    # target of direct calls/jumps as candidate
    for ins in instrs:
        for t in ins.get("xrefs_out", []):
            if isinstance(t, int):
                addrs.add(t)
        if _is_conditional_branch(ins):
            for t in ins.get("xrefs_out", []):
                if isinstance(t, int) and t in addr_set:
                    addrs.add(t)

    # address following a 'ret' or branch as candidate when instruction follows
    for i, ins in enumerate(instrs[:-1]):
        if ins["mnemonic"].startswith("ret") or _is_branch(ins):
            addrs.add(instrs[i + 1]["addr"])

    # alignment-derived candidates
    for ins in instrs:
        addr = ins["addr"]
        if addr % 16 == 0 or addr % 32 == 0 or addr % 64 == 0:
            addrs.add(addr)

    # objdump label anchors
    for addr_str in data.get("labels", {}):
        try:
            addr = int(addr_str)
        except ValueError:
            continue
        if addr in addr_set:
            addrs.add(addr)

    return sorted(addr for addr in addrs if addr in addr_set)


def window(instrs, idx, k=CONTEXT_RADIUS):
    start = max(0, idx - k)
    end = min(len(instrs), idx + k + 1)
    return instrs[start:end], idx - start

def _contains_pattern(mnemonics, pattern):
    if len(mnemonics) < len(pattern):
        return False
    for i in range(len(mnemonics) - len(pattern) + 1):
        for j, token in enumerate(pattern):
            if not mnemonics[i + j].startswith(token):
                break
        else:
            return True
    return False


def featurize_point(instrs, idx, reachable_set=None):
    ins = instrs[idx]
    features = {key: 0 for key in FEATURE_KEYS}

    addr = ins["addr"]
    features["align16"] = 1 if addr % 16 == 0 else 0
    features["align32"] = 1 if addr % 32 == 0 else 0
    features["align64"] = 1 if addr % 64 == 0 else 0

    if reachable_set is None:
        reachable_flag = ins.get("reachable", 0)
    else:
        reachable_flag = 1 if ins["addr"] in reachable_set else 0
    features["reachable"] = reachable_flag

    features["xrefs_in"] = ins.get("xrefs_in", 0)
    features["xrefs_out_count"] = len(ins.get("xrefs_out", []))

    if idx > 0 and instrs[idx - 1]["mnemonic"].startswith("ret"):
        features["prev_is_ret"] = 1

    context_instrs, context_pos = window(instrs, idx, CONTEXT_RADIUS)
    before_context = context_instrs[:context_pos]

    for prev_ins in reversed(before_context):
        if prev_ins["mnemonic"].startswith("push") and "rbp" in prev_ins.get("ops", ""):
            features["has_push_rbp"] = 1
            break

    for radius in SHORT_WINDOW_RADII:
        win_instrs, _ = window(instrs, idx, radius)
        in_total = sum(w.get("xrefs_in", 0) for w in win_instrs)
        out_total = sum(len(w.get("xrefs_out", [])) for w in win_instrs)
        features[f"window{radius}_xrefs_in"] = in_total
        features[f"window{radius}_xrefs_out"] = out_total

    padding_run = 0
    for j in range(idx + 1, min(len(instrs), idx + 1 + PADDING_LOOKAHEAD)):
        next_mnemonic = instrs[j]["mnemonic"]
        if "nop" in next_mnemonic:
            padding_run += 1
        else:
            break
    features["padding_nop_run"] = padding_run

    m = ins["mnemonic"]
    for key in BASE_MNEMONICS:
        features[f"m_{key}"] = 1 if m.startswith(key) else 0

    ngram_window, _ = window(instrs, idx, NGRAM_RADIUS)
    mnemonics = [item["mnemonic"] for item in ngram_window]
    for pattern, key in zip(NGRAM_PATTERNS, NGRAM_FEATURE_KEYS):
        if _contains_pattern(mnemonics, pattern):
            features[key] = 1

    # CFG / byte-level helpers (defaults to zero when absent)
    features["bb_start"] = ins.get("bb_start", 0)
    features["byte_sum"] = ins.get("byte_sum", sum(ins.get("bytes", [])))
    features["byte_len"] = ins.get("byte_len", len(ins.get("bytes", [])))
    features["rsp_touch"] = ins.get("rsp_touch", 0)
    features["bb_preds"] = ins.get("bb_preds", 0)
    features["bb_succs"] = ins.get("bb_succs", 0)
    features["bb_len"] = ins.get("bb_len", 0)
    if "byte_entropy" in ins:
        features["byte_entropy"] = ins["byte_entropy"]
    else:
        b = ins.get("bytes", [])
        features["byte_entropy"] = (sum(b) / len(b)) if b else 0

    return features
>>> sed -n '260,520p' src/features.py
    return features

def to_vector(feature_dict):
    return [feature_dict[k] for k in FEATURE_KEYS], FEATURE_KEYS

def build_matrix(instrs, cand_idxs, reachable_set=None):
    X = []
    meta = []
    last_keys = None
    for idx in cand_idxs:
        f = featurize_point(instrs, idx, reachable_set=reachable_set)
        vec, keys = to_vector(f)
        last_keys = keys
        X.append(vec)
        meta.append(instrs[idx]["addr"])
    return X, meta, last_keys

def main():
    ap = argparse.ArgumentParser()
    ap.add_argument("--asm_json", required=True)
    ap.add_argument("--out_features", required=True)
    args = ap.parse_args()
    data = load_asm_json(args.asm_json)
    instrs = data["instrs"]
    addr_to_idx = {ins["addr"]: i for i, ins in enumerate(instrs)}
    cands = candidate_addresses(data)
    cand_idxs = [addr_to_idx[a] for a in cands if a in addr_to_idx]
    reachable_set = set(data.get("reachable_addrs", []))
    X, meta, keys = build_matrix(instrs, cand_idxs, reachable_set=reachable_set)
    out = {
        "X": X,
        "keys": keys,
        "addresses": meta
    }
    pathlib.Path(args.out_features).parent.mkdir(parents=True, exist_ok=True)
    with open(args.out_features, "w") as f:
        json.dump(out, f, indent=2)
    print(f"Wrote features for {len(meta)} candidate addresses.")

if __name__ == "__main__":
    main()
>>> sed -n '1,200p' src/parse_objdump.py
#!/usr/bin/env python3
import json, re, subprocess, argparse, sys, pathlib
from features import compute_reachable_addrs

try:
    import capstone
    from capstone.x86 import X86_OP_IMM, X86_OP_MEM, X86_REG_RIP
    from elftools.elf.elffile import ELFFile
    from elftools.elf.sections import SymbolTableSection
    from elftools.elf.constants import SH_FLAGS
    HAVE_RECURSIVE = True
except Exception:
    HAVE_RECURSIVE = False

INSTR_RE = re.compile(r'^\s*([0-9a-fA-F]+):\s+([0-9a-fA-F ]+)\s+\t([.\w-]+)\s*(.*)$')
LABEL_RE = re.compile(r'^([0-9a-fA-F]+)\s+<([^>]+)>:\s*$')

def run_objdump(path: str) -> str:
    try:
        out = subprocess.check_output(["objdump", "-d", "-M", "intel", path], stderr=subprocess.STDOUT)
        return out.decode("utf-8", errors="replace")
    except subprocess.CalledProcessError as e:
        print(e.output.decode("utf-8", errors="replace"), file=sys.stderr)
        raise

def parse(text: str):
    instrs = []
    labels = {}  # addr -> label name
    for line in text.splitlines():
        m = LABEL_RE.match(line)
        if m:
            addr = int(m.group(1), 16)
            labels[addr] = m.group(2)
            continue
        m = INSTR_RE.match(line)
        if not m:
            continue
        addr = int(m.group(1), 16)
        bytes_str = m.group(2).strip()
        mnemonic = m.group(3).strip()
        ops = m.group(4).strip()
        bs = [int(b, 16) for b in bytes_str.split() if b]
        instrs.append({
            "addr": addr,
            "bytes": bs,
            "mnemonic": mnemonic,
            "ops": ops,
            "line": line
        })
    # compute xrefs (very simple immediate call/jmp target parsing)
    for ins in instrs:
        tgt = None
        if ins["mnemonic"].startswith("call") or ins["mnemonic"].startswith("jmp"):
            # look for hex address in ops
            m = re.search(r'([0-9a-fA-Fx]+)', ins["ops"])
            if m:
                s = m.group(1)
                try:
                    if s.lower().startswith("0x"):
                        tgt = int(s, 16)
                    else:
                        tgt = int(s, 16)
                except Exception:
                    tgt = None
        ins["xrefs_out"] = [tgt] if tgt is not None else []
    # build xrefs_in
    x_in = {}
    for ins in instrs:
        for t in ins.get("xrefs_out", []):
            x_in.setdefault(t, 0)
            x_in[t] += 1
    for ins in instrs:
        ins["xrefs_in"] = x_in.get(ins["addr"], 0)
    reachable = sorted(compute_reachable_addrs(instrs, labels))
    reachable_set = set(reachable)
    for ins in instrs:
        ins["reachable"] = 1 if ins["addr"] in reachable_set else 0
    return {"instrs": instrs, "labels": labels, "reachable_addrs": reachable}


def _get_exec_sections(elf):
    sections = []
    for section in elf.iter_sections():
        if not (section['sh_flags'] & SH_FLAGS.SHF_ALLOC) or section.data_size == 0:
            continue
        if section['sh_flags'] & SH_FLAGS.SHF_EXECINSTR:
            sections.append((section['sh_addr'], section.data_size, section.data()))
    return sections


def _collect_labels(elf):
    labels = {}
    for section in elf.iter_sections():
        if not isinstance(section, SymbolTableSection):
            continue
        if section['sh_entsize'] == 0:
            continue
        for symbol in section.iter_symbols():
            if symbol.entry['st_info']['type'] == 'STT_FUNC' and symbol.entry['st_shndx'] != 'SHN_UNDEF':
                labels[int(symbol['st_value'])] = symbol.name
    return labels


def _in_exec(addr, ranges):
    for start, end in ranges:
        if start <= addr < end:
            return True
    return False


def parse_recursive(path: str):
    if not HAVE_RECURSIVE:
        raise RuntimeError("capstone/pyelftools not available for recursive disassembly")

    with open(path, 'rb') as f:
        elf = ELFFile(f)
        arch = elf.elfclass
        exec_sections = _get_exec_sections(elf)
        all_sections = []
        for section in elf.iter_sections():
            if not (section['sh_flags'] & SH_FLAGS.SHF_ALLOC) or section.data_size == 0:
                continue
            all_sections.append((section['sh_addr'], section.data_size, section.data()))
        if not exec_sections:
            return {"instrs": [], "labels": {}, "reachable_addrs": []}
        labels = _collect_labels(elf)
        entry = int(elf.header.get('e_entry', 0))

    ranges = [(start, start + size) for start, size, _ in exec_sections]
    md = capstone.Cs(capstone.CS_ARCH_X86, capstone.CS_MODE_64 if arch == 64 else capstone.CS_MODE_32)
    md.detail = True
    ptr_size = 8 if arch == 64 else 4

    def decode_one(addr):
        for start, size, data in exec_sections:
            if start <= addr < start + size:
                off = addr - start
                chunk = data[off:off + 16]
                insts = md.disasm(chunk, addr, count=1)
                try:
                    return next(insts)
                except StopIteration:
                    return None
        return None

    def read_ptr(addr):
        for start, size, data in all_sections:
            if start <= addr < start + size:
                off = addr - start
                if off + ptr_size > size:
                    return None
                return int.from_bytes(data[off:off + ptr_size], "little", signed=False)
        return None

    def extract_rip_mem_base(ins):
        for op in ins.operands:
            if op.type == X86_OP_MEM and op.mem.base == X86_REG_RIP:
                return int(ins.address + ins.size + op.mem.disp)
        return None

    def extract_imm(ins):
        for op in ins.operands:
            if op.type == X86_OP_IMM:
                return int(op.imm)
        return None

    def find_jumptable_targets(ins_by_addr, instrs):
        if not instrs:
            return set()
        addrs_sorted = sorted(ins_by_addr.keys())
        prev_map = {addr: addrs_sorted[i - 1] if i > 0 else None for i, addr in enumerate(addrs_sorted)}
        targets = set()
        for item in instrs:
            if not item["mnemonic"].startswith("jmp") or item["xrefs_out"]:
                continue
            ins = ins_by_addr.get(item["addr"])
            if ins is None:
                continue
            base = None
            base = extract_rip_mem_base(ins)
            if base is None:
                prev_addr = prev_map.get(item["addr"])
                prev = ins_by_addr.get(prev_addr) if prev_addr is not None else None
                if prev is not None and prev.mnemonic in {"lea", "mov"}:
                    base = extract_rip_mem_base(prev)
                    if base is None and prev.mnemonic == "mov":
                        imm = extract_imm(prev)
                        base = imm if imm is not None else None
                    if base is None and prev.mnemonic == "mov":
                        rip = extract_rip_mem_base(prev)
                        if rip is not None:
                            base = read_ptr(rip)
            if base is None:
                continue
            # scan a small table window for executable pointers
            for i in range(32):
                val = read_ptr(base + i * ptr_size)
                if val is None:
                    break
                if _in_exec(val, ranges):
>>> sed -n '200,520p' src/parse_objdump.py
                if _in_exec(val, ranges):
                    targets.add(val)
        return targets

    seeds = {entry} if entry else set()
    for addr in labels:
        if _in_exec(addr, ranges):
            seeds.add(addr)
    # fall back to section starts if no seeds
    if not seeds:
        for start, _, _ in exec_sections:
            seeds.add(start)

    visited = set()
    instrs = []
    ins_by_addr = {}
    stack = list(seeds)

    def walk_stack():
        while stack:
            addr = stack.pop()
            if addr in visited:
                continue
            ins = decode_one(addr)
            if ins is None:
                visited.add(addr)
                continue
            visited.add(addr)
            ins_by_addr[int(ins.address)] = ins
            mnem = ins.mnemonic
            ops = ins.op_str
            bs = list(ins.bytes)

            direct_target = None
            if mnem.startswith("call") or mnem.startswith("jmp") or (mnem.startswith("j") and not mnem.startswith("jmp")):
                for op in ins.operands:
                    if op.type == X86_OP_IMM:
                        direct_target = int(op.imm)
                        break

            xrefs_out = [direct_target] if isinstance(direct_target, int) else []
            instrs.append({
                "addr": int(ins.address),
                "bytes": bs,
                "mnemonic": mnem,
                "ops": ops,
                "line": f"{ins.address:x}: {mnem} {ops}",
                "xrefs_out": xrefs_out,
            })

            fallthrough = int(ins.address + ins.size)
            if mnem.startswith("ret") or mnem in {"hlt", "ud2"}:
                continue
            if mnem.startswith("jmp") and direct_target is not None:
                if _in_exec(direct_target, ranges):
                    stack.append(direct_target)
                continue
            if mnem.startswith("jmp"):
                continue
            if mnem.startswith("j") and not mnem.startswith("jmp"):
                if direct_target is not None and _in_exec(direct_target, ranges):
                    stack.append(direct_target)
                if _in_exec(fallthrough, ranges):
                    stack.append(fallthrough)
                continue
            if mnem.startswith("call"):
                if _in_exec(fallthrough, ranges):
                    stack.append(fallthrough)
                if direct_target is not None and _in_exec(direct_target, ranges):
                    stack.append(direct_target)
                continue
            if _in_exec(fallthrough, ranges):
                stack.append(fallthrough)

    walk_stack()
    # try to recover indirect jump targets via jump-table heuristic
    for _ in range(2):
        new_targets = find_jumptable_targets(ins_by_addr, instrs)
        new_targets = [t for t in new_targets if t not in visited]
        if not new_targets:
            break
        stack.extend(new_targets)
        walk_stack()

    instrs.sort(key=lambda x: x["addr"])
    for ins in instrs:
        ins["reachable"] = 1

    # build xrefs_in
    x_in = {}
    for ins in instrs:
        for t in ins.get("xrefs_out", []):
            x_in.setdefault(t, 0)
            x_in[t] += 1
    for ins in instrs:
        ins["xrefs_in"] = x_in.get(ins["addr"], 0)

    reachable = sorted({ins["addr"] for ins in instrs})
    return {"instrs": instrs, "labels": labels, "reachable_addrs": reachable}

def main():
    ap = argparse.ArgumentParser()
    ap.add_argument("--bin", required=True)
    ap.add_argument("--out", required=True)
    ap.add_argument("--mode", choices=["objdump", "recursive", "hybrid"], default="hybrid")
    args = ap.parse_args()
    if args.mode == "recursive":
        if not HAVE_RECURSIVE:
            print("capstone/pyelftools unavailable; falling back to objdump.", file=sys.stderr)
            text = run_objdump(args.bin)
            data = parse(text)
        else:
            data = parse_recursive(args.bin)
    elif args.mode == "hybrid":
        text = run_objdump(args.bin)
        data = parse(text)
        if HAVE_RECURSIVE:
            rec = parse_recursive(args.bin)
            data["reachable_addrs"] = rec.get("reachable_addrs", [])
        else:
            print("capstone/pyelftools unavailable; hybrid uses objdump-only reachability.", file=sys.stderr)
    else:
        text = run_objdump(args.bin)
        data = parse(text)
    pathlib.Path(args.out).parent.mkdir(parents=True, exist_ok=True)
    with open(args.out, "w") as f:
        json.dump(data, f, indent=2)
    print(f"Wrote {args.out} with {len(data['instrs'])} instructions.")

if __name__ == "__main__":
    main()
>>> sed -n '1,260p' src/train_start_detector.py
#!/usr/bin/env python3
import argparse, glob, json, os, subprocess, pathlib
from joblib import dump
import numpy as np
from sklearn.linear_model import LogisticRegression
from sklearn.metrics import log_loss

from features import candidate_addresses, featurize_point, get_feature_keys

def run_objdump(bin_path, out_json):
    from parse_objdump import run_objdump, parse
    text = run_objdump(bin_path)
    data = parse(text)
    pathlib.Path(out_json).parent.mkdir(parents=True, exist_ok=True)
    with open(out_json, "w") as f:
        json.dump(data, f, indent=2)
    return data

def truth_from_file(path):
    with open(path) as f:
        return json.load(f)

def collect_train_items(train_globs):
    # Expect train_globs to match *_sym binaries
    bins = []
    for pattern in train_globs:
        bins.extend(glob.glob(pattern))
    bins = sorted(set(bins))
    items = []
    for b in bins:
        # derive label path alongside
        # Create labels via elf_labels.py if missing
        label_dir = f"data/labels/linux"
        opt = "O0" if "/O0/" in b else "O3"
        pathlib.Path(f"{label_dir}/{opt}").mkdir(parents=True, exist_ok=True)
        truth_path = f"{label_dir}/{opt}/{os.path.basename(b)}.functions_truth.json"
        if not os.path.exists(truth_path):
            # generate
            subprocess.check_call(["python", "src/elf_labels.py", "--bin", b, "--out", truth_path])
        # parse asm
        asm_json = f"{os.path.dirname(b)}/{os.path.basename(b)}.asm.json"
        if not os.path.exists(asm_json):
            subprocess.check_call(["python", "src/parse_objdump.py", "--bin", b, "--out", asm_json])
        items.append((b, asm_json, truth_path))
    return items

def add_sample(store, vec, label):
    key = tuple(vec)
    existing = store.get(key)
    if existing is None or label > existing:
        store[key] = label


def load_hard_negative_vectors(hn_globs, feature_keys):
    vectors = []
    if not hn_globs:
        return vectors
    for pattern in hn_globs:
        for path in glob.glob(pattern):
            try:
                with open(path) as f:
                    data = json.load(f)
            except (OSError, json.JSONDecodeError):
                continue
            for entry in data:
                feats = entry.get("features")
                if not isinstance(feats, dict):
                    continue
                vectors.append([feats.get(k, 0) for k in feature_keys])
    return vectors

def train(train_globs, hn_globs, model_path):
    items = collect_train_items(train_globs)
    feature_keys = get_feature_keys()
    samples = {}
    raw_pos = 0
    raw_neg = 0
    for b, asm_json, truth_json in items:
        with open(asm_json) as f:
            asm = json.load(f)
        instrs = asm["instrs"]
        addr_to_idx = {ins["addr"]: i for i, ins in enumerate(instrs)}
        cands = candidate_addresses(asm)
        cand_idxs = [addr_to_idx[a] for a in cands if a in addr_to_idx]
        truth = truth_from_file(truth_json)
        truth_starts = {f["start"] for f in truth}
        X = []
        for idx in cand_idxs:
            feats = featurize_point(instrs, idx)
            vec = [feats[k] for k in feature_keys]
            addr = instrs[idx]["addr"]
            label = 1 if addr in truth_starts else 0
            raw_pos += label
            raw_neg += (1 - label)
            add_sample(samples, vec, label)

    hn_vectors = load_hard_negative_vectors(hn_globs, feature_keys)
    for vec in hn_vectors:
        raw_neg += 1
        add_sample(samples, vec, 0)

    X_all = np.array([list(k) for k in samples.keys()], dtype=np.float32)
    y_all = np.array(list(samples.values()), dtype=np.int32)
    unique_pos = int(y_all.sum())
    unique_neg = len(y_all) - unique_pos
    # Simple classifier
    clf = LogisticRegression(max_iter=1000)
    clf.fit(X_all, y_all)
    if hasattr(clf, "predict_proba"):
        loss = log_loss(y_all, clf.predict_proba(X_all))
    else:
        loss = float("nan")
    dump({"model": clf, "feature_keys": feature_keys}, model_path)
    print(f"Raw counts -> pos:{raw_pos} neg:{raw_neg}")
    print(f"Deduped counts -> pos:{unique_pos} neg:{unique_neg} (total {len(y_all)})")
    print(f"Training log-loss={loss:.4f} iterations={clf.n_iter_[0] if hasattr(clf, 'n_iter_') else 'n/a'}")
    print(f"Trained on {len(y_all)} samples. Saved -> {model_path}")

def main():
    ap = argparse.ArgumentParser()
    ap.add_argument("--train_glob", required=True, action="append", metavar="GLOB",
                    help="Repeat per glob, e.g., --train_glob data/build/*/O0/*_sym --train_glob data/build/*/O3/*_sym")
    ap.add_argument("--hn_json_glob", action="append", metavar="HNGLOB",
                    help="Repeat per glob for hard-negative JSON files")
    ap.add_argument("--model_path", default="models/start_detector.joblib")
    args = ap.parse_args()
    pathlib.Path(os.path.dirname(args.model_path)).mkdir(parents=True, exist_ok=True)
    train(args.train_glob, args.hn_json_glob, args.model_path)

if __name__ == "__main__":
    main()
>>> ls scripts
augment_features_v06.py
build_cfg_features.py
evaluate_ablation_v06.py
evaluate_model_thresholds_v06.py
fetch_programs_from_urls.py
generate_programs_v06.py
import_rosettacode_v06.py
make_splits_v06.py
tools_ghidra.sh
train_models_v05.py
train_models_v06.py
train_models_v06_O3mix.py
train_models_v06_cfg.py
train_models_v06_feat.py
train_models_v06_tuned.py
>>> sed -n '1,240p' scripts/train_models_v06_tuned.py
#!/usr/bin/env python3
import argparse, json, os, pathlib
import numpy as np
from joblib import dump
from sklearn.linear_model import LogisticRegression
from sklearn.ensemble import RandomForestClassifier
from sklearn.metrics import log_loss
from xgboost import XGBClassifier
from features import candidate_addresses, featurize_point, get_feature_keys

def collect_files(programs, opt_levels):
    pairs = []
    for opt in opt_levels:
        for prog in programs:
            base = f"data/build/linux/{opt}/{prog}_sym"
            asm = base + ".asm.json"
            label = f"data/labels/linux/{opt}/{prog}_sym.functions_truth.json"
            if os.path.exists(asm) and os.path.exists(label):
                pairs.append((asm, label))
    return pairs

def build_dataset(file_pairs, feature_keys):
    samples = {}
    for asm_path, label_path in file_pairs:
        with open(asm_path) as f:
            asm = json.load(f)
        with open(label_path) as f:
            truth = json.load(f)
        truth_starts = {entry['start'] for entry in truth}
        instrs = asm['instrs']
        addr_to_idx = {ins['addr']: i for i, ins in enumerate(instrs)}
        cands = candidate_addresses(asm)
        for addr in cands:
            idx = addr_to_idx.get(addr)
            if idx is None:
                continue
            feats = featurize_point(instrs, idx)
            vec = tuple(feats[k] for k in feature_keys)
            label = 1 if addr in truth_starts else 0
            if label == 1 or vec not in samples:
                samples[vec] = label
    X = np.array([list(k) for k in samples.keys()], dtype=np.float32)
    y = np.array(list(samples.values()), dtype=np.int32)
    pos = int(y.sum())
    neg = len(y) - pos
    return X, y, pos, neg

def main():
    ap = argparse.ArgumentParser()
    ap.add_argument('--split', default='splits/v06.json')
    ap.add_argument('--train_opts', default='O0,O1,O2')
    ap.add_argument('--out_dir', default='models')
    ap.add_argument('--tag', default='v06b', help="suffix tag for model filenames")
    args = ap.parse_args()

    split = json.load(open(args.split))
    train_programs = split['train_programs']
    opts = [o.strip() for o in args.train_opts.split(',') if o.strip()]
    feature_keys = get_feature_keys()
    files = collect_files(train_programs, opts)
    X, y, pos, neg = build_dataset(files, feature_keys)
    pathlib.Path(args.out_dir).mkdir(parents=True, exist_ok=True)
    print(f"Train set: total={len(y)} pos={pos} neg={neg}")

    # Logistic Regression baseline
    lr = LogisticRegression(max_iter=2000, class_weight='balanced')
    lr.fit(X, y)
    lr_loss = log_loss(y, lr.predict_proba(X))
    dump({'model': lr, 'feature_keys': feature_keys}, os.path.join(args.out_dir, f'start_detector_{args.tag}_logreg.joblib'))
    print(f"LogReg log-loss={lr_loss:.4f}")

    # Tuned RandomForest
    rf = RandomForestClassifier(
        n_estimators=600,
        max_depth=None,
        min_samples_split=2,
        n_jobs=-1,
        random_state=42,
        class_weight='balanced_subsample'
    )
    rf.fit(X, y)
    rf_loss = log_loss(y, rf.predict_proba(X))
    dump({'model': rf, 'feature_keys': feature_keys}, os.path.join(args.out_dir, f'start_detector_{args.tag}_rf.joblib'))
    print(f"RF log-loss={rf_loss:.4f}")

    # Tuned XGBoost
    xgb = XGBClassifier(
        n_estimators=700,
        max_depth=5,
        learning_rate=0.05,
        subsample=0.9,
        colsample_bytree=0.9,
        min_child_weight=1,
        reg_lambda=1.0,
        tree_method='hist',
        random_state=42,
        n_jobs=4,
        scale_pos_weight=max(1.0, neg/pos)
    )
    xgb.fit(X, y)
    xgb_loss = log_loss(y, xgb.predict_proba(X))
    dump({'model': xgb, 'feature_keys': feature_keys}, os.path.join(args.out_dir, f'start_detector_{args.tag}_xgb.joblib'))
    print(f"XGB log-loss={xgb_loss:.4f}")

if __name__ == '__main__':
    main()
>>> sed -n '1,200p' src/run_batch_predict.sh
#!/bin/bash
set -eu

OUT_DIR="out"
LOG_DIR="$OUT_DIR/logs"
SUMMARY="$OUT_DIR/summary.tsv"
MODEL_PATH=${MODEL_PATH:-models/start_detector.joblib}
BIN_GLOB=${BIN_GLOB:-data/build/linux/O3/*_stripped}
BIN_LIST=${BIN_LIST:-}
TOL=8

if [ -n "${THRESH+x}" ]; then
    PRED_THRESH="$THRESH"
else
    PRED_THRESH="0.50"
fi

POST_FILTER=${POST_FILTER:-on}

mkdir -p "$OUT_DIR" "$LOG_DIR"
LOG_FILE="$LOG_DIR/run_batch_predict.log"
: > "$LOG_FILE"

printf 'file\tTP\tFP\tFN\tP\tR\tF1\tmean_err\tmedian_err\n' > "$SUMMARY"

if [ -n "$BIN_LIST" ] && [ -f "$BIN_LIST" ]; then
    bin_iter=$(cat "$BIN_LIST")
else
    bin_iter=$(ls $BIN_GLOB 2>/dev/null)
fi

for bin in $bin_iter; do
    if [ ! -f "$bin" ]; then
        continue
    fi
    base=$(basename "$bin")
    stem=${base%_stripped}
    pred_out="$OUT_DIR/${stem}.json"

    echo "Predicting for $bin (threshold=$PRED_THRESH, post_filter=$POST_FILTER)" >> "$LOG_FILE"
    python src/predict_starts.py --bin "$bin" --model_path "$MODEL_PATH" --out "$pred_out" --threshold "$PRED_THRESH" --post_filter "$POST_FILTER" >> "$LOG_FILE" 2>&1

    opt_level=$(basename "$(dirname "$bin")")
    label_path="data/labels/linux/${opt_level}/${stem}_sym.functions_truth.json"
    eval_output=$(python src/eval_starts.py --pred "$pred_out" --truth_glob "$label_path" --tolerance "$TOL")
    echo "$eval_output" >> "$LOG_FILE"

    # Parse eval_output tokens
    set -- $eval_output
    tp=0
    fp=0
    fn=0
    p=0
    r=0
    f1=0
    mean_err=0
    median_err=0
    for token in "$@"; do
        case "$token" in
            TP=*) tp=${token#TP=};;
            FP=*) fp=${token#FP=};;
            FN=*) fn=${token#FN=};;
            P=*) p=${token#P=};;
            R=*) r=${token#R=};;
            F1=*) f1=${token#F1=};;
            mean_err=*) mean_err=${token#mean_err=};;
            median_err=*) median_err=${token#median_err=};;
        esac
    done

    printf '%s\t%s\t%s\t%s\t%s\t%s\t%s\t%s\t%s\n' \
        "$stem" "$tp" "$fp" "$fn" "$p" "$r" "$f1" "$mean_err" "$median_err" >> "$SUMMARY"

done

cat "$SUMMARY"
>>> sed -n '1,240p' scripts/evaluate_model_thresholds_v06.py
#!/usr/bin/env python3
import argparse
import json
import pathlib
import numpy as np
from joblib import load

from features import candidate_addresses, featurize_point


def load_truth(label_glob):
    import glob
    paths = glob.glob(label_glob)
    truth = set()
    for p in paths:
        with open(p) as f:
            data = json.load(f)
        for entry in data:
            truth.add(int(entry['start']))
    return truth


def collect_candidates(bin_path):
    asm_path = bin_path + '.asm.json'
    with open(asm_path) as f:
        asm = json.load(f)
    instrs = asm['instrs']
    addr_to_idx = {ins['addr']: i for i, ins in enumerate(instrs)}
    cands = candidate_addresses(asm)
    feats = []
    addrs = []
    for addr in cands:
        idx = addr_to_idx.get(addr)
        if idx is None:
            continue
        fvec = featurize_point(instrs, idx)
        feats.append(fvec)
        addrs.append(addr)
    return addrs, feats


def score_model(model_path, feature_keys, feats):
    bundle = load(model_path)
    clf = bundle['model']
    keys = bundle['feature_keys'] if 'feature_keys' in bundle else feature_keys
    X = np.array([[f.get(k, 0) for k in keys] for f in feats], dtype=np.float32)
    probs = clf.predict_proba(X)[:, 1] if hasattr(clf, 'predict_proba') else clf.decision_function(X)
    return probs


def eval_thresholds(addrs, probs, truth, thresholds, tol):
    preds_sorted = sorted(zip(addrs, probs), key=lambda x: x[1], reverse=True)
    results = {}
    for thr in thresholds:
        pred_starts = [a for a, p in preds_sorted if p >= thr]
        used = set()
        tp = 0
        for t in truth:
            best = None
            best_dist = None
            for i, p in enumerate(pred_starts):
                if i in used:
                    continue
                d = abs(p - t)
                if d <= tol and (best_dist is None or d < best_dist):
                    best = i; best_dist = d
            if best is not None:
                tp += 1; used.add(best)
        fp = len(pred_starts) - len(used)
        fn = len(truth) - tp
        prec = tp / (tp + fp) if tp + fp else 0.0
        rec = tp / (tp + fn) if tp + fn else 0.0
        f1 = 2 * prec * rec / (prec + rec) if prec + rec else 0.0
        results[thr] = (tp, fp, fn, prec, rec, f1)
    return results


def main():
    ap = argparse.ArgumentParser()
    ap.add_argument('--bins_list', required=True)
    ap.add_argument('--model', required=True)
    ap.add_argument('--out_prefix', required=True)
    ap.add_argument('--tolerance', type=int, default=8)
    ap.add_argument('--thresholds', default='0.20,0.25,0.30,0.33,0.35,0.40,0.45,0.50,0.55')
    args = ap.parse_args()

    thresholds = [float(x) for x in args.thresholds.split(',') if x]
    bins = [line.strip() for line in pathlib.Path(args.bins_list).read_text().splitlines() if line.strip()]
    bundle = load(args.model)
    feature_keys = bundle.get('feature_keys', [])

    all_rows = {thr: [] for thr in thresholds}
    for bin_path in bins:
        addrs, feats = collect_candidates(bin_path)
        probs = score_model(args.model, feature_keys, feats)
        stem = pathlib.Path(bin_path).name.replace('_stripped','')
        opt_level = pathlib.Path(bin_path).parts[-2]
        truth = load_truth(f"data/labels/linux/{opt_level}/{stem}_sym.functions_truth.json")
        results = eval_thresholds(addrs, probs, truth, thresholds, args.tolerance)
        for thr, (tp, fp, fn, p, r, f1) in results.items():
            all_rows[thr].append((stem, tp, fp, fn, p, r, f1))

    for thr in thresholds:
        out_path = pathlib.Path(f"{args.out_prefix}_{thr:.2f}.tsv")
        with out_path.open('w') as f:
            f.write('file\tTP\tFP\tFN\tP\tR\tF1\n')
            for stem, tp, fp, fn, p, r, f1 in all_rows[thr]:
                f.write(f"{stem}\t{tp}\t{fp}\t{fn}\t{p:.3f}\t{r:.3f}\t{f1:.3f}\n")
    print(f"Wrote summaries for {len(thresholds)} thresholds")

if __name__ == '__main__':
    main()
>>> source .venv/bin/activate && for bin in data/build/linux/O0/*_sym data/build/linux/O1/*_sym data/build/linux/O2/*_sym data/build/linux/O3/*_sym data/build/linux/O3/*_stripped; do [ -f "" ] || continue; python src/parse_objdump.py --bin "" --out ".asm.json"; done
Wrote data/build/linux/O0/hello_sym.asm.json with 117 instructions.
Wrote data/build/linux/O0/mathlib_sym.asm.json with 105 instructions.
Wrote data/build/linux/O0/rosetta_v06_00000_100-doors_100-doors-5_sym.asm.json with 109 instructions.
Wrote data/build/linux/O0/rosetta_v06_00001_100-doors_100-doors-1_sym.asm.json with 137 instructions.
Wrote data/build/linux/O0/rosetta_v06_00002_100-doors_100-doors-6_sym.asm.json with 96 instructions.
Wrote data/build/linux/O0/rosetta_v06_00003_100-doors_100-doors-2_sym.asm.json with 143 instructions.
Wrote data/build/linux/O0/rosetta_v06_00004_100-doors_100-doors-4_sym.asm.json with 111 instructions.
Wrote data/build/linux/O0/rosetta_v06_00005_100-doors_100-doors-3_sym.asm.json with 143 instructions.
Wrote data/build/linux/O0/rosetta_v06_00006_100-prisoners_100-prisoners_sym.asm.json with 485 instructions.
Wrote data/build/linux/O0/rosetta_v06_00007_15-puzzle-game_15-puzzle-game-3_sym.asm.json with 433 instructions.
Wrote data/build/linux/O0/rosetta_v06_00008_15-puzzle-game_15-puzzle-game-1_sym.asm.json with 394 instructions.
Wrote data/build/linux/O0/rosetta_v06_00009_15-puzzle-game_15-puzzle-game-2_sym.asm.json with 394 instructions.
Wrote data/build/linux/O0/rosetta_v06_00011_2048_2048-2_sym.asm.json with 997 instructions.
Wrote data/build/linux/O0/rosetta_v06_00012_2048_2048-1_sym.asm.json with 1332 instructions.
Wrote data/build/linux/O0/rosetta_v06_00013_21-game_21-game_sym.asm.json with 245 instructions.
Wrote data/build/linux/O0/rosetta_v06_00014_24-game_24-game_sym.asm.json with 753 instructions.
Wrote data/build/linux/O0/rosetta_v06_00015_24-game-Solve_24-game-solve_sym.asm.json with 582 instructions.
Wrote data/build/linux/O0/rosetta_v06_00018_99-bottles-of-beer_99-bottles-of-beer-2_sym.asm.json with 143 instructions.
Wrote data/build/linux/O0/rosetta_v06_00020_99-bottles-of-beer_99-bottles-of-beer-1_sym.asm.json with 101 instructions.
Wrote data/build/linux/O0/rosetta_v06_00022_99-bottles-of-beer_99-bottles-of-beer-4_sym.asm.json with 84 instructions.
Wrote data/build/linux/O0/rosetta_v06_00023_A+B_a+b-3_sym.asm.json with 106 instructions.
Wrote data/build/linux/O0/rosetta_v06_00024_A+B_a+b-2_sym.asm.json with 115 instructions.
Wrote data/build/linux/O0/rosetta_v06_00025_A+B_a+b-1_sym.asm.json with 100 instructions.
Wrote data/build/linux/O0/rosetta_v06_00026_ABC-problem_abc-problem_sym.asm.json with 290 instructions.
Wrote data/build/linux/O0/rosetta_v06_00027_AKS-test-for-primes_aks-test-for-primes_sym.asm.json with 256 instructions.
Wrote data/build/linux/O0/rosetta_v06_00028_ASCII-art-diagram-converter_ascii-art-diagram-converter_sym.asm.json with 402 instructions.
Wrote data/build/linux/O0/rosetta_v06_00029_Abbreviations-automatic_abbreviations-automatic_sym.asm.json with 331 instructions.
Wrote data/build/linux/O0/rosetta_v06_00030_Abbreviations-easy_abbreviations-easy_sym.asm.json with 555 instructions.
Wrote data/build/linux/O0/rosetta_v06_00031_Abbreviations-simple_abbreviations-simple_sym.asm.json with 562 instructions.
Wrote data/build/linux/O0/rosetta_v06_00032_Abelian-sandpile-model_abelian-sandpile-model_sym.asm.json with 670 instructions.
Wrote data/build/linux/O0/rosetta_v06_00034_Abstract-type_abstract-type-1_sym.asm.json with 60 instructions.
Wrote data/build/linux/O0/rosetta_v06_00037_Abundant-deficient-and-perfect-number-classifications_abundant-deficient-and-perfect-number-classifications_sym.asm.json with 159 instructions.
Wrote data/build/linux/O0/rosetta_v06_00038_Abundant-odd-numbers_abundant-odd-numbers_sym.asm.json with 203 instructions.
Wrote data/build/linux/O0/rosetta_v06_00039_Accumulator-factory_accumulator-factory_sym.asm.json with 148 instructions.
Wrote data/build/linux/O0/rosetta_v06_00041_Ackermann-function_ackermann-function-2_sym.asm.json with 221 instructions.
Wrote data/build/linux/O0/rosetta_v06_00043_Ackermann-function_ackermann-function-1_sym.asm.json with 138 instructions.
Wrote data/build/linux/O0/rosetta_v06_00046_Active-object_active-object_sym.asm.json with 267 instructions.
Wrote data/build/linux/O0/rosetta_v06_00047_Additive-primes_additive-primes_sym.asm.json with 306 instructions.
Wrote data/build/linux/O0/rosetta_v06_00050_Address-of-a-variable_address-of-a-variable-5_sym.asm.json with 60 instructions.
Wrote data/build/linux/O0/rosetta_v06_00053_Address-of-a-variable_address-of-a-variable-1_sym.asm.json with 60 instructions.
Wrote data/build/linux/O0/rosetta_v06_00055_Aliquot-sequence-classifications_aliquot-sequence-classifications-1_sym.asm.json with 359 instructions.
Wrote data/build/linux/O0/rosetta_v06_00056_Aliquot-sequence-classifications_aliquot-sequence-classifications-2_sym.asm.json with 432 instructions.
Wrote data/build/linux/O0/rosetta_v06_00057_Almost-prime_almost-prime_sym.asm.json with 154 instructions.
Wrote data/build/linux/O0/rosetta_v06_00059_Amicable-pairs_amicable-pairs_sym.asm.json with 285 instructions.
Wrote data/build/linux/O0/rosetta_v06_00060_Anagrams_anagrams-2_sym.asm.json with 457 instructions.
Wrote data/build/linux/O0/rosetta_v06_00061_Anagrams_anagrams-1_sym.asm.json with 444 instructions.
Wrote data/build/linux/O0/rosetta_v06_00062_Anagrams-Deranged-anagrams_anagrams-deranged-anagrams_sym.asm.json with 414 instructions.
Wrote data/build/linux/O0/rosetta_v06_00063_Angle-difference-between-two-bearings_angle-difference-between-two-bearings_sym.asm.json with 236 instructions.
Wrote data/build/linux/O0/rosetta_v06_00064_Angles-geometric-normalization-and-conversion_angles-geometric-normalization-and-conversion_sym.asm.json with 264 instructions.
Wrote data/build/linux/O0/rosetta_v06_00067_Anonymous-recursion_anonymous-recursion-1_sym.asm.json with 167 instructions.
Wrote data/build/linux/O0/rosetta_v06_00068_Anonymous-recursion_anonymous-recursion-2_sym.asm.json with 125 instructions.
Wrote data/build/linux/O0/rosetta_v06_00069_Anti-primes_anti-primes_sym.asm.json with 144 instructions.
Wrote data/build/linux/O0/rosetta_v06_00071_Apply-a-callback-to-an-array_apply-a-callback-to-an-array-1_sym.asm.json with 60 instructions.
Wrote data/build/linux/O0/rosetta_v06_00073_Apply-a-digital-filter-direct-form-II-transposed-_apply-a-digital-filter-direct-form-ii-transposed-_sym.asm.json with 465 instructions.
Wrote data/build/linux/O0/rosetta_v06_00074_Approximate-equality_approximate-equality_sym.asm.json with 161 instructions.
Wrote data/build/linux/O0/rosetta_v06_00078_Arena-storage-pool_arena-storage-pool-7_sym.asm.json with 289 instructions.
Wrote data/build/linux/O0/rosetta_v06_00082_Arena-storage-pool_arena-storage-pool-1_sym.asm.json with 60 instructions.
Wrote data/build/linux/O0/rosetta_v06_00086_Arithmetic-Complex_arithmetic-complex-1_sym.asm.json with 651 instructions.
Wrote data/build/linux/O0/rosetta_v06_00087_Arithmetic-Integer_arithmetic-integer_sym.asm.json with 157 instructions.
Wrote data/build/linux/O0/rosetta_v06_00088_Arithmetic-Rational_arithmetic-rational_sym.asm.json with 396 instructions.
Wrote data/build/linux/O0/rosetta_v06_00089_Arithmetic-derivative_arithmetic-derivative_sym.asm.json with 449 instructions.
Wrote data/build/linux/O0/rosetta_v06_00090_Arithmetic-geometric-mean_arithmetic-geometric-mean-2_sym.asm.json with 180 instructions.
Wrote data/build/linux/O0/rosetta_v06_00091_Arithmetic-geometric-mean_arithmetic-geometric-mean-1_sym.asm.json with 160 instructions.
Wrote data/build/linux/O0/rosetta_v06_00092_Arithmetic-geometric-mean-Calculate-Pi_arithmetic-geometric-mean-calculate-pi_sym.asm.json with 256 instructions.
Wrote data/build/linux/O0/rosetta_v06_00093_Arithmetic-numbers_arithmetic-numbers_sym.asm.json with 229 instructions.
Wrote data/build/linux/O0/rosetta_v06_00095_Array-length_array-length-3_sym.asm.json with 281 instructions.
Wrote data/build/linux/O0/rosetta_v06_00097_Array-length_array-length-2_sym.asm.json with 60 instructions.
Wrote data/build/linux/O0/rosetta_v06_00098_Array-length_array-length-1_sym.asm.json with 93 instructions.
Wrote data/build/linux/O0/rosetta_v06_00101_Arrays_arrays-2_sym.asm.json with 60 instructions.
Wrote data/build/linux/O0/rosetta_v06_00102_Arrays_arrays-3_sym.asm.json with 60 instructions.
Wrote data/build/linux/O0/rosetta_v06_00103_Arrays_arrays-1_sym.asm.json with 60 instructions.
Wrote data/build/linux/O0/rosetta_v06_00107_Arrays_arrays-10_sym.asm.json with 231 instructions.
Wrote data/build/linux/O0/rosetta_v06_00110_Assertions_assertions-1_sym.asm.json with 91 instructions.
Wrote data/build/linux/O0/rosetta_v06_00114_Atomic-updates_atomic-updates-1_sym.asm.json with 502 instructions.
Wrote data/build/linux/O0/rosetta_v06_00116_Average-loop-length_average-loop-length_sym.asm.json with 263 instructions.
Wrote data/build/linux/O0/rosetta_v06_00117_Averages-Arithmetic-mean_averages-arithmetic-mean_sym.asm.json with 157 instructions.
Wrote data/build/linux/O0/rosetta_v06_00118_Averages-Mean-angle_averages-mean-angle_sym.asm.json with 195 instructions.
Wrote data/build/linux/O0/rosetta_v06_00119_Averages-Mean-time-of-day_averages-mean-time-of-day_sym.asm.json with 374 instructions.
Wrote data/build/linux/O0/rosetta_v06_00120_Averages-Median_averages-median-1_sym.asm.json with 171 instructions.
Wrote data/build/linux/O0/rosetta_v06_00122_Averages-Median_averages-median-2_sym.asm.json with 362 instructions.
Wrote data/build/linux/O0/rosetta_v06_00123_Averages-Mode_averages-mode_sym.asm.json with 326 instructions.
Wrote data/build/linux/O0/rosetta_v06_00124_Averages-Pythagorean-means_averages-pythagorean-means_sym.asm.json with 158 instructions.
Wrote data/build/linux/O0/rosetta_v06_00125_Averages-Root-mean-square_averages-root-mean-square_sym.asm.json with 153 instructions.
Wrote data/build/linux/O0/rosetta_v06_00126_Averages-Simple-moving-average_averages-simple-moving-average-1_sym.asm.json with 337 instructions.
Wrote data/build/linux/O0/rosetta_v06_00128_B-zier-curves-Intersections_b-zier-curves-intersections-1_sym.asm.json with 958 instructions.
Wrote data/build/linux/O0/rosetta_v06_00129_B-zier-curves-Intersections_b-zier-curves-intersections-2_sym.asm.json with 1209 instructions.
Wrote data/build/linux/O0/rosetta_v06_00130_Babbage-problem_babbage-problem_sym.asm.json with 109 instructions.
Wrote data/build/linux/O0/rosetta_v06_00131_Balanced-brackets_balanced-brackets-1_sym.asm.json with 247 instructions.
Wrote data/build/linux/O0/rosetta_v06_00133_Balanced-ternary_balanced-ternary_sym.asm.json with 572 instructions.
Wrote data/build/linux/O0/rosetta_v06_00136_Bell-numbers_bell-numbers_sym.asm.json with 302 instructions.
Wrote data/build/linux/O0/rosetta_v06_00137_Benfords-law_benfords-law_sym.asm.json with 263 instructions.
Wrote data/build/linux/O0/rosetta_v06_00140_Best-shuffle_best-shuffle-4_sym.asm.json with 302 instructions.
Wrote data/build/linux/O0/rosetta_v06_00141_Best-shuffle_best-shuffle-1_sym.asm.json with 490 instructions.
Wrote data/build/linux/O0/rosetta_v06_00143_Bin-given-limits_bin-given-limits_sym.asm.json with 367 instructions.
Wrote data/build/linux/O0/rosetta_v06_00144_Binary-digits_binary-digits-2_sym.asm.json with 182 instructions.
Wrote data/build/linux/O0/rosetta_v06_00146_Binary-search_binary-search_sym.asm.json with 246 instructions.
Wrote data/build/linux/O0/rosetta_v06_00147_Binary-strings_binary-strings_sym.asm.json with 607 instructions.
Wrote data/build/linux/O0/rosetta_v06_00148_Bioinformatics-Sequence-mutation_bioinformatics-sequence-mutation_sym.asm.json with 780 instructions.
Wrote data/build/linux/O0/rosetta_v06_00149_Bioinformatics-base-count_bioinformatics-base-count_sym.asm.json with 204 instructions.
Wrote data/build/linux/O0/rosetta_v06_00151_Biorhythms_biorhythms-1_sym.asm.json with 273 instructions.
Wrote data/build/linux/O0/rosetta_v06_00152_Bitcoin-address-validation_bitcoin-address-validation_sym.asm.json with 255 instructions.
Wrote data/build/linux/O0/rosetta_v06_00154_Bitmap_bitmap-1_sym.asm.json with 60 instructions.
Wrote data/build/linux/O0/rosetta_v06_00182_Bitmap-Write-a-PPM-file_bitmap-write-a-ppm-file-1_sym.asm.json with 156 instructions.
Wrote data/build/linux/O0/rosetta_v06_00183_Bitmap-Write-a-PPM-file_bitmap-write-a-ppm-file-2_sym.asm.json with 229 instructions.
Wrote data/build/linux/O0/rosetta_v06_00184_Bitwise-IO_bitwise-io_sym.asm.json with 395 instructions.
Wrote data/build/linux/O0/rosetta_v06_00187_Bitwise-operations_bitwise-operations-2_sym.asm.json with 71 instructions.
Wrote data/build/linux/O0/rosetta_v06_00188_Blum-integer_blum-integer_sym.asm.json with 418 instructions.
Wrote data/build/linux/O0/rosetta_v06_00189_Box-the-compass_box-the-compass_sym.asm.json with 137 instructions.
Wrote data/build/linux/O0/rosetta_v06_00190_Brace-expansion_brace-expansion_sym.asm.json with 840 instructions.
Wrote data/build/linux/O0/rosetta_v06_00193_Brownian-tree_brownian-tree-2_sym.asm.json with 328 instructions.
Wrote data/build/linux/O0/rosetta_v06_00194_Bulls-and-cows_bulls-and-cows-1_sym.asm.json with 244 instructions.
Wrote data/build/linux/O0/rosetta_v06_00196_Bulls-and-cows-Player_bulls-and-cows-player-1_sym.asm.json with 488 instructions.
Wrote data/build/linux/O0/rosetta_v06_00199_Burrows-Wheeler-transform_burrows-wheeler-transform_sym.asm.json with 555 instructions.
Wrote data/build/linux/O0/rosetta_v06_00200_CRC-32_crc-32-2_sym.asm.json with 168 instructions.
Wrote data/build/linux/O0/rosetta_v06_00202_CSV-data-manipulation_csv-data-manipulation-1_sym.asm.json with 743 instructions.
Wrote data/build/linux/O0/rosetta_v06_00205_CSV-to-HTML-translation_csv-to-html-translation-1_sym.asm.json with 153 instructions.
Wrote data/build/linux/O0/rosetta_v06_00206_CUSIP_cusip_sym.asm.json with 307 instructions.
Wrote data/build/linux/O0/rosetta_v06_00208_Calculating-the-value-of-e_calculating-the-value-of-e-2_sym.asm.json with 125 instructions.
Wrote data/build/linux/O0/rosetta_v06_00209_Calculating-the-value-of-e_calculating-the-value-of-e-1_sym.asm.json with 152 instructions.
Wrote data/build/linux/O0/rosetta_v06_00210_Calendar_calendar-1_sym.asm.json with 706 instructions.
Wrote data/build/linux/O0/rosetta_v06_00215_Call-a-function-in-a-shared-library_call-a-function-in-a-shared-library-2_sym.asm.json with 80 instructions.
Wrote data/build/linux/O0/rosetta_v06_00216_Call-a-function-in-a-shared-library_call-a-function-in-a-shared-library-1_sym.asm.json with 147 instructions.
Wrote data/build/linux/O0/rosetta_v06_00217_Call-an-object-method_call-an-object-method_sym.asm.json with 133 instructions.
Wrote data/build/linux/O0/rosetta_v06_00218_Canny-edge-detector_canny-edge-detector_sym.asm.json with 1564 instructions.
Wrote data/build/linux/O0/rosetta_v06_00219_Canonicalize-CIDR_canonicalize-cidr_sym.asm.json with 275 instructions.
Wrote data/build/linux/O0/rosetta_v06_00220_Cantor-set_cantor-set_sym.asm.json with 220 instructions.
Wrote data/build/linux/O0/rosetta_v06_00221_Carmichael-3-strong-pseudoprimes_carmichael-3-strong-pseudoprimes_sym.asm.json with 247 instructions.
Wrote data/build/linux/O0/rosetta_v06_00222_Cartesian-product-of-two-or-more-lists_cartesian-product-of-two-or-more-lists_sym.asm.json with 519 instructions.
Wrote data/build/linux/O0/rosetta_v06_00223_Case-sensitivity-of-identifiers_case-sensitivity-of-identifiers_sym.asm.json with 88 instructions.
Wrote data/build/linux/O0/rosetta_v06_00224_Casting-out-nines_casting-out-nines_sym.asm.json with 150 instructions.
Wrote data/build/linux/O0/rosetta_v06_00225_Catalan-numbers_catalan-numbers_sym.asm.json with 238 instructions.
Wrote data/build/linux/O0/rosetta_v06_00226_Catalan-numbers-Pascals-triangle_catalan-numbers-pascals-triangle_sym.asm.json with 129 instructions.
Wrote data/build/linux/O0/rosetta_v06_00227_Catamorphism_catamorphism_sym.asm.json with 178 instructions.
Wrote data/build/linux/O0/rosetta_v06_00231_Character-codes_character-codes_sym.asm.json with 91 instructions.
Wrote data/build/linux/O0/rosetta_v06_00233_Check-input-device-is-a-terminal_check-input-device-is-a-terminal_sym.asm.json with 99 instructions.
Wrote data/build/linux/O0/rosetta_v06_00234_Check-output-device-is-a-terminal_check-output-device-is-a-terminal_sym.asm.json with 99 instructions.
Wrote data/build/linux/O0/rosetta_v06_00235_Check-that-file-exists_check-that-file-exists-1_sym.asm.json with 176 instructions.
Wrote data/build/linux/O0/rosetta_v06_00239_Cheryls-birthday_cheryls-birthday_sym.asm.json with 499 instructions.
Wrote data/build/linux/O0/rosetta_v06_00240_Chinese-remainder-theorem_chinese-remainder-theorem_sym.asm.json with 208 instructions.
Wrote data/build/linux/O0/rosetta_v06_00241_Chinese-zodiac_chinese-zodiac_sym.asm.json with 192 instructions.
Wrote data/build/linux/O0/rosetta_v06_00242_Cholesky-decomposition_cholesky-decomposition_sym.asm.json with 335 instructions.
Wrote data/build/linux/O0/rosetta_v06_00243_Chowla-numbers_chowla-numbers_sym.asm.json with 202 instructions.
Wrote data/build/linux/O0/rosetta_v06_00244_Circles-of-given-radius-through-two-points_circles-of-given-radius-through-two-points_sym.asm.json with 400 instructions.
Wrote data/build/linux/O0/rosetta_v06_00246_Cistercian-numerals_cistercian-numerals_sym.asm.json with 741 instructions.
Wrote data/build/linux/O0/rosetta_v06_00249_Closures-Value-capture_closures-value-capture-1_sym.asm.json with 179 instructions.
Wrote data/build/linux/O0/rosetta_v06_00256_Color-wheel_color-wheel_sym.asm.json with 506 instructions.
Wrote data/build/linux/O0/rosetta_v06_00257_Colorful-numbers_colorful-numbers_sym.asm.json with 413 instructions.
Wrote data/build/linux/O0/rosetta_v06_00261_Combinations_combinations-1_sym.asm.json with 152 instructions.
Wrote data/build/linux/O0/rosetta_v06_00262_Combinations_combinations-2_sym.asm.json with 190 instructions.
Wrote data/build/linux/O0/rosetta_v06_00264_Combinations-with-repetitions_combinations-with-repetitions-2_sym.asm.json with 174 instructions.
Wrote data/build/linux/O0/rosetta_v06_00265_Combinations-with-repetitions_combinations-with-repetitions-1_sym.asm.json with 188 instructions.
Wrote data/build/linux/O0/rosetta_v06_00266_Comma-quibbling_comma-quibbling_sym.asm.json with 234 instructions.
Wrote data/build/linux/O0/rosetta_v06_00267_Command-line-arguments_command-line-arguments_sym.asm.json with 109 instructions.
Wrote data/build/linux/O0/rosetta_v06_00268_Comments_comments-2_sym.asm.json with 67 instructions.
Wrote data/build/linux/O0/rosetta_v06_00269_Comments_comments-4_sym.asm.json with 60 instructions.
Wrote data/build/linux/O0/rosetta_v06_00270_Comments_comments-1_sym.asm.json with 60 instructions.
Wrote data/build/linux/O0/rosetta_v06_00271_Comments_comments-5_sym.asm.json with 60 instructions.
Wrote data/build/linux/O0/rosetta_v06_00273_Comments_comments-6_sym.asm.json with 60 instructions.
Wrote data/build/linux/O0/rosetta_v06_00274_Comments_comments-7_sym.asm.json with 60 instructions.
Wrote data/build/linux/O0/rosetta_v06_00275_Compare-a-list-of-strings_compare-a-list-of-strings_sym.asm.json with 123 instructions.
Wrote data/build/linux/O0/rosetta_v06_00278_Compare-sorting-algorithms-performance_compare-sorting-algorithms-performance-1_sym.asm.json with 60 instructions.
Wrote data/build/linux/O0/rosetta_v06_00283_Compile-time-calculation_compile-time-calculation-2_sym.asm.json with 87 instructions.
Wrote data/build/linux/O0/rosetta_v06_00284_Compiler-AST-interpreter_compiler-ast-interpreter_sym.asm.json with 1074 instructions.
Wrote data/build/linux/O0/rosetta_v06_00285_Compiler-code-generator_compiler-code-generator_sym.asm.json with 1286 instructions.
Wrote data/build/linux/O0/rosetta_v06_00286_Compiler-lexical-analyzer_compiler-lexical-analyzer_sym.asm.json with 1085 instructions.
Wrote data/build/linux/O0/rosetta_v06_00287_Compiler-syntax-analyzer_compiler-syntax-analyzer_sym.asm.json with 1073 instructions.
Wrote data/build/linux/O0/rosetta_v06_00288_Compiler-virtual-machine-interpreter_compiler-virtual-machine-interpreter_sym.asm.json with 1077 instructions.
Wrote data/build/linux/O0/rosetta_v06_00289_Composite-numbers-k-with-no-single-digit-factors-whose-factors-are-all-substrings-of-k_composite-numbers-k-with-no-single-digit-factors-whose-factors-are-all-substrings-of-k_sym.asm.json with 268 instructions.
Wrote data/build/linux/O0/rosetta_v06_00290_Compound-data-type_compound-data-type_sym.asm.json with 60 instructions.
Wrote data/build/linux/O0/rosetta_v06_00291_Concurrent-computing_concurrent-computing-2_sym.asm.json with 98 instructions.
Wrote data/build/linux/O0/rosetta_v06_00292_Concurrent-computing_concurrent-computing-1_sym.asm.json with 218 instructions.
Wrote data/build/linux/O0/rosetta_v06_00293_Conjugate-transpose_conjugate-transpose_sym.asm.json with 1063 instructions.
Wrote data/build/linux/O0/rosetta_v06_00294_Consecutive-primes-with-ascending-or-descending-differences_consecutive-primes-with-ascending-or-descending-differences_sym.asm.json with 491 instructions.
Wrote data/build/linux/O0/rosetta_v06_00297_Continued-fraction_continued-fraction_sym.asm.json with 257 instructions.
Wrote data/build/linux/O0/rosetta_v06_00298_Continued-fraction-Arithmetic-Construct-from-rational-number_continued-fraction-arithmetic-construct-from-rational-number_sym.asm.json with 276 instructions.
Wrote data/build/linux/O0/rosetta_v06_00299_Continued-fraction-Arithmetic-G-matrix-ng-continued-fraction-n-_continued-fraction-arithmetic-g-matrix-ng-continued-fraction-n--2_sym.asm.json with 1004 instructions.
Wrote data/build/linux/O0/rosetta_v06_00301_Convert-decimal-number-to-rational_convert-decimal-number-to-rational-1_sym.asm.json with 289 instructions.
Wrote data/build/linux/O0/rosetta_v06_00303_Convert-seconds-to-compound-duration_convert-seconds-to-compound-duration-2_sym.asm.json with 400 instructions.
Wrote data/build/linux/O0/rosetta_v06_00305_Convex-hull_convex-hull_sym.asm.json with 534 instructions.
Wrote data/build/linux/O0/rosetta_v06_00308_Conways-Game-of-Life_conways-game-of-life-1_sym.asm.json with 494 instructions.
Wrote data/build/linux/O0/rosetta_v06_00309_Copy-a-string_copy-a-string-1_sym.asm.json with 188 instructions.
Wrote data/build/linux/O0/rosetta_v06_00311_Copy-a-string_copy-a-string-2_sym.asm.json with 129 instructions.
Wrote data/build/linux/O0/rosetta_v06_00312_Copy-stdin-to-stdout_copy-stdin-to-stdout_sym.asm.json with 93 instructions.
Wrote data/build/linux/O0/rosetta_v06_00313_Count-in-factors_count-in-factors_sym.asm.json with 243 instructions.
Wrote data/build/linux/O0/rosetta_v06_00314_Count-in-octal_count-in-octal_sym.asm.json with 93 instructions.
Wrote data/build/linux/O0/rosetta_v06_00315_Count-occurrences-of-a-substring_count-occurrences-of-a-substring-1_sym.asm.json with 162 instructions.
Wrote data/build/linux/O0/rosetta_v06_00316_Count-occurrences-of-a-substring_count-occurrences-of-a-substring-2_sym.asm.json with 156 instructions.
Wrote data/build/linux/O0/rosetta_v06_00318_Count-the-coins_count-the-coins-1_sym.asm.json with 539 instructions.
Wrote data/build/linux/O0/rosetta_v06_00319_Cramers-rule_cramers-rule_sym.asm.json with 660 instructions.
Wrote data/build/linux/O0/rosetta_v06_00320_Create-a-file_create-a-file-2_sym.asm.json with 102 instructions.
Wrote data/build/linux/O0/rosetta_v06_00321_Create-a-file_create-a-file-1_sym.asm.json with 94 instructions.
Wrote data/build/linux/O0/rosetta_v06_00325_Create-a-file-on-magnetic-tape_create-a-file-on-magnetic-tape_sym.asm.json with 145 instructions.
Wrote data/build/linux/O0/rosetta_v06_00326_Create-a-two-dimensional-array-at-runtime_create-a-two-dimensional-array-at-runtime-4_sym.asm.json with 204 instructions.
Wrote data/build/linux/O0/rosetta_v06_00327_Create-a-two-dimensional-array-at-runtime_create-a-two-dimensional-array-at-runtime-5_sym.asm.json with 213 instructions.
Wrote data/build/linux/O0/rosetta_v06_00328_Create-a-two-dimensional-array-at-runtime_create-a-two-dimensional-array-at-runtime-3_sym.asm.json with 203 instructions.
Wrote data/build/linux/O0/rosetta_v06_00330_Create-a-two-dimensional-array-at-runtime_create-a-two-dimensional-array-at-runtime-1_sym.asm.json with 224 instructions.
Wrote data/build/linux/O0/rosetta_v06_00331_Create-an-HTML-table_create-an-html-table_sym.asm.json with 146 instructions.
Wrote data/build/linux/O0/rosetta_v06_00333_Create-an-object-at-a-given-address_create-an-object-at-a-given-address-1_sym.asm.json with 113 instructions.
Wrote data/build/linux/O0/rosetta_v06_00335_Cuban-primes_cuban-primes-1_sym.asm.json with 399 instructions.
Wrote data/build/linux/O0/rosetta_v06_00336_Cumulative-standard-deviation_cumulative-standard-deviation-1_sym.asm.json with 200 instructions.
Wrote data/build/linux/O0/rosetta_v06_00341_Currying_currying_sym.asm.json with 191 instructions.
Wrote data/build/linux/O0/rosetta_v06_00342_Curzon-numbers_curzon-numbers_sym.asm.json with 212 instructions.
Wrote data/build/linux/O0/rosetta_v06_00343_Cut-a-rectangle_cut-a-rectangle-1_sym.asm.json with 358 instructions.
Wrote data/build/linux/O0/rosetta_v06_00345_Cut-a-rectangle_cut-a-rectangle-3_sym.asm.json with 1295 instructions.
Wrote data/build/linux/O0/rosetta_v06_00346_DNS-query_dns-query_sym.asm.json with 173 instructions.
Wrote data/build/linux/O0/rosetta_v06_00347_Damm-algorithm_damm-algorithm_sym.asm.json with 126 instructions.
Wrote data/build/linux/O0/rosetta_v06_00348_Date-format_date-format_sym.asm.json with 180 instructions.
Wrote data/build/linux/O0/rosetta_v06_00352_Day-of-the-week_day-of-the-week_sym.asm.json with 184 instructions.
Wrote data/build/linux/O0/rosetta_v06_00353_Deal-cards-for-FreeCell_deal-cards-for-freecell_sym.asm.json with 275 instructions.
Wrote data/build/linux/O0/rosetta_v06_00354_Death-Star_death-star_sym.asm.json with 475 instructions.
Wrote data/build/linux/O0/rosetta_v06_00355_Deceptive-numbers_deceptive-numbers_sym.asm.json with 207 instructions.
Wrote data/build/linux/O0/rosetta_v06_00356_Deconvolution-1D_deconvolution-1d_sym.asm.json with 1169 instructions.
Wrote data/build/linux/O0/rosetta_v06_00357_Deconvolution-2D+_deconvolution-2d+-1_sym.asm.json with 1914 instructions.
Wrote data/build/linux/O0/rosetta_v06_00359_Deepcopy_deepcopy-2_sym.asm.json with 236 instructions.
Wrote data/build/linux/O0/rosetta_v06_00360_Deepcopy_deepcopy-1_sym.asm.json with 168 instructions.
Wrote data/build/linux/O0/rosetta_v06_00361_Delegates_delegates_sym.asm.json with 241 instructions.
Wrote data/build/linux/O0/rosetta_v06_00362_Delete-a-file_delete-a-file-2_sym.asm.json with 96 instructions.
Wrote data/build/linux/O0/rosetta_v06_00363_Delete-a-file_delete-a-file-1_sym.asm.json with 93 instructions.
Wrote data/build/linux/O0/rosetta_v06_00364_Department-numbers_department-numbers_sym.asm.json with 130 instructions.
Wrote data/build/linux/O0/rosetta_v06_00365_Descending-primes_descending-primes_sym.asm.json with 224 instructions.
Wrote data/build/linux/O0/rosetta_v06_00366_Detect-division-by-zero_detect-division-by-zero_sym.asm.json with 216 instructions.
Wrote data/build/linux/O0/rosetta_v06_00367_Determinant-and-permanent_determinant-and-permanent-1_sym.asm.json with 316 instructions.
Wrote data/build/linux/O0/rosetta_v06_00368_Determinant-and-permanent_determinant-and-permanent-2_sym.asm.json with 455 instructions.
Wrote data/build/linux/O0/rosetta_v06_00369_Determine-if-a-string-has-all-the-same-characters_determine-if-a-string-has-all-the-same-characters_sym.asm.json with 181 instructions.
Wrote data/build/linux/O0/rosetta_v06_00370_Determine-if-a-string-has-all-unique-characters_determine-if-a-string-has-all-unique-characters_sym.asm.json with 212 instructions.
Wrote data/build/linux/O0/rosetta_v06_00371_Determine-if-a-string-is-collapsible_determine-if-a-string-is-collapsible_sym.asm.json with 568 instructions.
Wrote data/build/linux/O0/rosetta_v06_00372_Determine-if-a-string-is-numeric_determine-if-a-string-is-numeric_sym.asm.json with 101 instructions.
Wrote data/build/linux/O0/rosetta_v06_00373_Determine-if-a-string-is-squeezable_determine-if-a-string-is-squeezable_sym.asm.json with 568 instructions.
Wrote data/build/linux/O0/rosetta_v06_00374_Determine-if-only-one-instance-is-running_determine-if-only-one-instance-is-running-2_sym.asm.json with 161 instructions.
Wrote data/build/linux/O0/rosetta_v06_00375_Determine-if-only-one-instance-is-running_determine-if-only-one-instance-is-running-1_sym.asm.json with 273 instructions.
Wrote data/build/linux/O0/rosetta_v06_00377_Dice-game-probabilities_dice-game-probabilities_sym.asm.json with 345 instructions.
Wrote data/build/linux/O0/rosetta_v06_00378_Digital-root_digital-root_sym.asm.json with 173 instructions.
Wrote data/build/linux/O0/rosetta_v06_00379_Digital-root-Multiplicative-digital-root_digital-root-multiplicative-digital-root_sym.asm.json with 264 instructions.
Wrote data/build/linux/O0/rosetta_v06_00380_Dijkstras-algorithm_dijkstras-algorithm_sym.asm.json with 899 instructions.
Wrote data/build/linux/O0/rosetta_v06_00381_Dinesmans-multiple-dwelling-problem_dinesmans-multiple-dwelling-problem_sym.asm.json with 300 instructions.
Wrote data/build/linux/O0/rosetta_v06_00382_Dining-philosophers_dining-philosophers-3_sym.asm.json with 290 instructions.
Wrote data/build/linux/O0/rosetta_v06_00383_Dining-philosophers_dining-philosophers-1_sym.asm.json with 471 instructions.
Wrote data/build/linux/O0/rosetta_v06_00384_Dining-philosophers_dining-philosophers-2_sym.asm.json with 361 instructions.
Wrote data/build/linux/O0/rosetta_v06_00385_Disarium-numbers_disarium-numbers_sym.asm.json with 192 instructions.
Wrote data/build/linux/O0/rosetta_v06_00386_Discordian-date_discordian-date_sym.asm.json with 536 instructions.
Wrote data/build/linux/O0/rosetta_v06_00387_Display-a-linear-combination_display-a-linear-combination_sym.asm.json with 649 instructions.
Wrote data/build/linux/O0/rosetta_v06_00390_Diversity-prediction-theorem_diversity-prediction-theorem_sym.asm.json with 307 instructions.
Wrote data/build/linux/O0/rosetta_v06_00391_Documentation_documentation_sym.asm.json with 69 instructions.
Wrote data/build/linux/O0/rosetta_v06_00392_Doomsday-rule_doomsday-rule_sym.asm.json with 340 instructions.
Wrote data/build/linux/O0/rosetta_v06_00393_Dot-product_dot-product_sym.asm.json with 127 instructions.
Wrote data/build/linux/O0/rosetta_v06_00394_Doubly-linked-list-Definition_doubly-linked-list-definition-1_sym.asm.json with 229 instructions.
Wrote data/build/linux/O0/rosetta_v06_00396_Doubly-linked-list-Element-definition_doubly-linked-list-element-definition-1_sym.asm.json with 60 instructions.
Wrote data/build/linux/O0/rosetta_v06_00397_Doubly-linked-list-Element-definition_doubly-linked-list-element-definition-2_sym.asm.json with 60 instructions.
Wrote data/build/linux/O0/rosetta_v06_00401_Doubly-linked-list-Traversal_doubly-linked-list-traversal_sym.asm.json with 387 instructions.
Wrote data/build/linux/O0/rosetta_v06_00402_Dragon-curve_dragon-curve_sym.asm.json with 600 instructions.
Wrote data/build/linux/O0/rosetta_v06_00405_Draw-a-cuboid_draw-a-cuboid_sym.asm.json with 713 instructions.
Wrote data/build/linux/O0/rosetta_v06_00409_Draw-a-sphere_draw-a-sphere-1_sym.asm.json with 334 instructions.
Wrote data/build/linux/O0/rosetta_v06_00410_Draw-a-sphere_draw-a-sphere-2_sym.asm.json with 700 instructions.
Wrote data/build/linux/O0/rosetta_v06_00411_Dutch-national-flag-problem_dutch-national-flag-problem_sym.asm.json with 275 instructions.
Wrote data/build/linux/O0/rosetta_v06_00413_Eban-numbers_eban-numbers_sym.asm.json with 325 instructions.
Wrote data/build/linux/O0/rosetta_v06_00414_Echo-server_echo-server_sym.asm.json with 287 instructions.
Wrote data/build/linux/O0/rosetta_v06_00415_Egyptian-division_egyptian-division_sym.asm.json with 203 instructions.
Wrote data/build/linux/O0/rosetta_v06_00416_Element-wise-operations_element-wise-operations_sym.asm.json with 529 instructions.
Wrote data/build/linux/O0/rosetta_v06_00417_Elementary-cellular-automaton_elementary-cellular-automaton_sym.asm.json with 172 instructions.
Wrote data/build/linux/O0/rosetta_v06_00418_Elementary-cellular-automaton-Random-number-generator_elementary-cellular-automaton-random-number-generator_sym.asm.json with 164 instructions.
Wrote data/build/linux/O0/rosetta_v06_00419_Elliptic-Curve-Digital-Signature-Algorithm_elliptic-curve-digital-signature-algorithm_sym.asm.json with 1143 instructions.
Wrote data/build/linux/O0/rosetta_v06_00420_Elliptic-curve-arithmetic_elliptic-curve-arithmetic_sym.asm.json with 493 instructions.
Wrote data/build/linux/O0/rosetta_v06_00421_Emirp-primes_emirp-primes_sym.asm.json with 260 instructions.
Wrote data/build/linux/O0/rosetta_v06_00422_Empty-directory_empty-directory_sym.asm.json with 194 instructions.
Wrote data/build/linux/O0/rosetta_v06_00425_Empty-program_empty-program-2_sym.asm.json with 75 instructions.
Wrote data/build/linux/O0/rosetta_v06_00427_Enforced-immutability_enforced-immutability-1_sym.asm.json with 60 instructions.
Wrote data/build/linux/O0/rosetta_v06_00428_Enforced-immutability_enforced-immutability-2_sym.asm.json with 77 instructions.
Wrote data/build/linux/O0/rosetta_v06_00430_Entropy_entropy-1_sym.asm.json with 239 instructions.
Wrote data/build/linux/O0/rosetta_v06_00432_Entropy-Narcissist_entropy-narcissist-1_sym.asm.json with 257 instructions.
Wrote data/build/linux/O0/rosetta_v06_00434_Enumerations_enumerations-1_sym.asm.json with 60 instructions.
Wrote data/build/linux/O0/rosetta_v06_00435_Environment-variables_environment-variables_sym.asm.json with 99 instructions.
Wrote data/build/linux/O0/rosetta_v06_00436_Equilibrium-index_equilibrium-index_sym.asm.json with 199 instructions.
Wrote data/build/linux/O0/rosetta_v06_00437_Erd-s-Nicolas-numbers_erd-s-nicolas-numbers-2_sym.asm.json with 194 instructions.
Wrote data/build/linux/O0/rosetta_v06_00438_Erd-s-Nicolas-numbers_erd-s-nicolas-numbers-1_sym.asm.json with 184 instructions.
Wrote data/build/linux/O0/rosetta_v06_00440_Ethiopian-multiplication_ethiopian-multiplication_sym.asm.json with 179 instructions.
Wrote data/build/linux/O0/rosetta_v06_00441_Euler-method_euler-method-1_sym.asm.json with 241 instructions.
Wrote data/build/linux/O0/rosetta_v06_00443_Eulers-constant-0.5772..._eulers-constant-0.5772...-2_sym.asm.json with 539 instructions.
Wrote data/build/linux/O0/rosetta_v06_00445_Eulers-constant-0.5772..._eulers-constant-0.5772...-1_sym.asm.json with 464 instructions.
Wrote data/build/linux/O0/rosetta_v06_00446_Eulers-identity_eulers-identity_sym.asm.json with 105 instructions.
Wrote data/build/linux/O0/rosetta_v06_00448_Evaluate-binomial-coefficients_evaluate-binomial-coefficients_sym.asm.json with 232 instructions.
Wrote data/build/linux/O0/rosetta_v06_00452_Evolutionary-algorithm_evolutionary-algorithm-1_sym.asm.json with 271 instructions.
Wrote data/build/linux/O0/rosetta_v06_00454_Exceptions_exceptions-1_sym.asm.json with 89 instructions.
Wrote data/build/linux/O0/rosetta_v06_00455_Exceptions_exceptions-2_sym.asm.json with 242 instructions.
Wrote data/build/linux/O0/rosetta_v06_00456_Exceptions-Catch-an-exception-thrown-in-a-nested-call_exceptions-catch-an-exception-thrown-in-a-nested-call_sym.asm.json with 442 instructions.
Wrote data/build/linux/O0/rosetta_v06_00459_Executable-library_executable-library-1_sym.asm.json with 60 instructions.
Wrote data/build/linux/O0/rosetta_v06_00461_Execute-a-Markov-algorithm_execute-a-markov-algorithm-1_sym.asm.json with 799 instructions.
Wrote data/build/linux/O0/rosetta_v06_00463_Execute-a-system-command_execute-a-system-command_sym.asm.json with 84 instructions.
Wrote data/build/linux/O0/rosetta_v06_00464_Exponentiation-operator_exponentiation-operator-1_sym.asm.json with 205 instructions.
Wrote data/build/linux/O0/rosetta_v06_00466_Exponentiation-order_exponentiation-order_sym.asm.json with 93 instructions.
Wrote data/build/linux/O0/rosetta_v06_00470_Extend-your-language_extend-your-language-1_sym.asm.json with 60 instructions.
Wrote data/build/linux/O0/rosetta_v06_00471_Extensible-prime-generator_extensible-prime-generator-1_sym.asm.json with 450 instructions.
Wrote data/build/linux/O0/rosetta_v06_00473_Extreme-floating-point-values_extreme-floating-point-values-2_sym.asm.json with 177 instructions.
Wrote data/build/linux/O0/rosetta_v06_00474_Extreme-floating-point-values_extreme-floating-point-values-1_sym.asm.json with 205 instructions.
Wrote data/build/linux/O0/rosetta_v06_00475_FASTA-format_fasta-format_sym.asm.json with 168 instructions.
Wrote data/build/linux/O0/rosetta_v06_00477_Factorial_factorial-1_sym.asm.json with 76 instructions.
Wrote data/build/linux/O0/rosetta_v06_00478_Factorial_factorial-3_sym.asm.json with 75 instructions.
Wrote data/build/linux/O0/rosetta_v06_00479_Factorial_factorial-2_sym.asm.json with 80 instructions.
Wrote data/build/linux/O0/rosetta_v06_00481_Factorial_factorial-5_sym.asm.json with 113 instructions.
Wrote data/build/linux/O0/rosetta_v06_00482_Factorial_factorial-4_sym.asm.json with 79 instructions.
Wrote data/build/linux/O0/rosetta_v06_00483_Factorions_factorions_sym.asm.json with 153 instructions.
Wrote data/build/linux/O0/rosetta_v06_00485_Factors-of-an-integer_factors-of-an-integer-1_sym.asm.json with 284 instructions.
Wrote data/build/linux/O0/rosetta_v06_00486_Factors-of-an-integer_factors-of-an-integer-2_sym.asm.json with 384 instructions.
Wrote data/build/linux/O0/rosetta_v06_00488_Farey-sequence_farey-sequence_sym.asm.json with 291 instructions.
Wrote data/build/linux/O0/rosetta_v06_00489_Fast-Fourier-transform_fast-fourier-transform-1_sym.asm.json with 567 instructions.
Wrote data/build/linux/O0/rosetta_v06_00492_Faulhabers-triangle_faulhabers-triangle_sym.asm.json with 508 instructions.
Wrote data/build/linux/O0/rosetta_v06_00493_Feigenbaum-constant-calculation_feigenbaum-constant-calculation_sym.asm.json with 174 instructions.
Wrote data/build/linux/O0/rosetta_v06_00495_Fibonacci-n-step-number-sequences_fibonacci-n-step-number-sequences_sym.asm.json with 235 instructions.
Wrote data/build/linux/O0/rosetta_v06_00497_Fibonacci-sequence_fibonacci-sequence-2_sym.asm.json with 81 instructions.
Wrote data/build/linux/O0/rosetta_v06_00499_Fibonacci-sequence_fibonacci-sequence-1_sym.asm.json with 81 instructions.
Wrote data/build/linux/O0/rosetta_v06_00500_Fibonacci-sequence_fibonacci-sequence-3_sym.asm.json with 126 instructions.
Wrote data/build/linux/O0/rosetta_v06_00501_Fibonacci-word_fibonacci-word_sym.asm.json with 348 instructions.
Wrote data/build/linux/O0/rosetta_v06_00502_Fibonacci-word-fractal_fibonacci-word-fractal_sym.asm.json with 107 instructions.
Wrote data/build/linux/O0/rosetta_v06_00503_File-extension-is-in-extensions-list_file-extension-is-in-extensions-list-2_sym.asm.json with 157 instructions.
Wrote data/build/linux/O0/rosetta_v06_00504_File-extension-is-in-extensions-list_file-extension-is-in-extensions-list-1_sym.asm.json with 337 instructions.
Wrote data/build/linux/O0/rosetta_v06_00505_File-input-output_file-input-output-1_sym.asm.json with 148 instructions.
Wrote data/build/linux/O0/rosetta_v06_00506_File-input-output_file-input-output-2_sym.asm.json with 169 instructions.
Wrote data/build/linux/O0/rosetta_v06_00508_File-modification-time_file-modification-time-1_sym.asm.json with 122 instructions.
Wrote data/build/linux/O0/rosetta_v06_00510_File-modification-time_file-modification-time-3_sym.asm.json with 125 instructions.
Wrote data/build/linux/O0/rosetta_v06_00512_File-size_file-size-2_sym.asm.json with 107 instructions.
Wrote data/build/linux/O0/rosetta_v06_00513_File-size_file-size-1_sym.asm.json with 136 instructions.
Wrote data/build/linux/O0/rosetta_v06_00516_Filter_filter_sym.asm.json with 257 instructions.
Wrote data/build/linux/O0/rosetta_v06_00517_Find-common-directory-path_find-common-directory-path-1_sym.asm.json with 172 instructions.
Wrote data/build/linux/O0/rosetta_v06_00521_Find-limit-of-recursion_find-limit-of-recursion-1_sym.asm.json with 100 instructions.
Wrote data/build/linux/O0/rosetta_v06_00522_Find-limit-of-recursion_find-limit-of-recursion-2_sym.asm.json with 119 instructions.
Wrote data/build/linux/O0/rosetta_v06_00523_Find-palindromic-numbers-in-both-binary-and-ternary-bases_find-palindromic-numbers-in-both-binary-and-ternary-bases_sym.asm.json with 337 instructions.
Wrote data/build/linux/O0/rosetta_v06_00524_Find-the-intersection-of-a-line-with-a-plane_find-the-intersection-of-a-line-with-a-plane_sym.asm.json with 430 instructions.
Wrote data/build/linux/O0/rosetta_v06_00525_Find-the-intersection-of-two-lines_find-the-intersection-of-two-lines_sym.asm.json with 424 instructions.
Wrote data/build/linux/O0/rosetta_v06_00526_Find-the-last-Sunday-of-each-month_find-the-last-sunday-of-each-month_sym.asm.json with 209 instructions.
Wrote data/build/linux/O0/rosetta_v06_00527_Find-the-missing-permutation_find-the-missing-permutation_sym.asm.json with 150 instructions.
Wrote data/build/linux/O0/rosetta_v06_00528_First-class-environments_first-class-environments_sym.asm.json with 238 instructions.
Wrote data/build/linux/O0/rosetta_v06_00530_First-class-functions_first-class-functions-1_sym.asm.json with 235 instructions.
Wrote data/build/linux/O0/rosetta_v06_00531_First-class-functions_first-class-functions-2_sym.asm.json with 228 instructions.
Wrote data/build/linux/O0/rosetta_v06_00533_First-power-of-2-that-has-leading-decimal-digits-of-12_first-power-of-2-that-has-leading-decimal-digits-of-12_sym.asm.json with 182 instructions.
Wrote data/build/linux/O0/rosetta_v06_00534_Five-weekends_five-weekends-1_sym.asm.json with 157 instructions.
Wrote data/build/linux/O0/rosetta_v06_00535_Five-weekends_five-weekends-2_sym.asm.json with 256 instructions.
Wrote data/build/linux/O0/rosetta_v06_00536_Fivenum_fivenum_sym.asm.json with 433 instructions.
Wrote data/build/linux/O0/rosetta_v06_00537_FizzBuzz_fizzbuzz-5_sym.asm.json with 126 instructions.
Wrote data/build/linux/O0/rosetta_v06_00539_FizzBuzz_fizzbuzz-9_sym.asm.json with 157 instructions.
Wrote data/build/linux/O0/rosetta_v06_00542_FizzBuzz_fizzbuzz-4_sym.asm.json with 188 instructions.
Wrote data/build/linux/O0/rosetta_v06_00543_FizzBuzz_fizzbuzz-6_sym.asm.json with 147 instructions.
Wrote data/build/linux/O0/rosetta_v06_00544_FizzBuzz_fizzbuzz-10_sym.asm.json with 146 instructions.
Wrote data/build/linux/O0/rosetta_v06_00545_FizzBuzz_fizzbuzz-8_sym.asm.json with 156 instructions.
Wrote data/build/linux/O0/rosetta_v06_00547_Flatten-a-list_flatten-a-list_sym.asm.json with 400 instructions.
Wrote data/build/linux/O0/rosetta_v06_00548_Flipping-bits-game_flipping-bits-game_sym.asm.json with 596 instructions.
Wrote data/build/linux/O0/rosetta_v06_00550_Floyd-Warshall-algorithm_floyd-warshall-algorithm-1_sym.asm.json with 567 instructions.
Wrote data/build/linux/O0/rosetta_v06_00552_Floyds-triangle_floyds-triangle_sym.asm.json with 152 instructions.
Wrote data/build/linux/O0/rosetta_v06_00553_Forest-fire_forest-fire-2_sym.asm.json with 508 instructions.
Wrote data/build/linux/O0/rosetta_v06_00556_Fork_fork-1_sym.asm.json with 128 instructions.
Wrote data/build/linux/O0/rosetta_v06_00557_Formal-power-series_formal-power-series_sym.asm.json with 503 instructions.
Wrote data/build/linux/O0/rosetta_v06_00561_Forward-difference_forward-difference-1_sym.asm.json with 212 instructions.
Wrote data/build/linux/O0/rosetta_v06_00562_Four-bit-adder_four-bit-adder_sym.asm.json with 333 instructions.
Wrote data/build/linux/O0/rosetta_v06_00566_Fraction-reduction_fraction-reduction_sym.asm.json with 534 instructions.
Wrote data/build/linux/O0/rosetta_v06_00568_Function-composition_function-composition_sym.asm.json with 201 instructions.
Wrote data/build/linux/O0/rosetta_v06_00570_Function-definition_function-definition-1_sym.asm.json with 68 instructions.
Wrote data/build/linux/O0/rosetta_v06_00572_Function-definition_function-definition-2_sym.asm.json with 60 instructions.
Wrote data/build/linux/O0/rosetta_v06_00573_Function-frequency_function-frequency_sym.asm.json with 849 instructions.
Wrote data/build/linux/O0/rosetta_v06_00574_Function-prototype_function-prototype_sym.asm.json with 60 instructions.
Wrote data/build/linux/O0/rosetta_v06_00575_Fusc-sequence_fusc-sequence_sym.asm.json with 209 instructions.
Wrote data/build/linux/O0/rosetta_v06_00579_GUI-component-interaction_gui-component-interaction-2_sym.asm.json with 60 instructions.
Wrote data/build/linux/O0/rosetta_v06_00580_GUI-enabling-disabling-of-controls_gui-enabling-disabling-of-controls-2_sym.asm.json with 60 instructions.
Wrote data/build/linux/O0/rosetta_v06_00585_Gapful-numbers_gapful-numbers_sym.asm.json with 172 instructions.
Wrote data/build/linux/O0/rosetta_v06_00587_Gauss-Jordan-matrix-inversion_gauss-jordan-matrix-inversion-1_sym.asm.json with 464 instructions.
Wrote data/build/linux/O0/rosetta_v06_00588_Gaussian-elimination_gaussian-elimination_sym.asm.json with 422 instructions.
Wrote data/build/linux/O0/rosetta_v06_00589_General-FizzBuzz_general-fizzbuzz_sym.asm.json with 185 instructions.
Wrote data/build/linux/O0/rosetta_v06_00590_Generate-Chess960-starting-position_generate-chess960-starting-position_sym.asm.json with 462 instructions.
Wrote data/build/linux/O0/rosetta_v06_00591_Generate-lower-case-ASCII-alphabet_generate-lower-case-ascii-alphabet_sym.asm.json with 86 instructions.
Wrote data/build/linux/O0/rosetta_v06_00593_Generator-Exponential_generator-exponential-2_sym.asm.json with 235 instructions.
Wrote data/build/linux/O0/rosetta_v06_00595_Generic-swap_generic-swap-2_sym.asm.json with 60 instructions.
Wrote data/build/linux/O0/rosetta_v06_00596_Generic-swap_generic-swap-3_sym.asm.json with 167 instructions.
Wrote data/build/linux/O0/rosetta_v06_00598_Get-system-command-output_get-system-command-output_sym.asm.json with 172 instructions.
Wrote data/build/linux/O0/rosetta_v06_00599_Globally-replace-text-in-several-files_globally-replace-text-in-several-files_sym.asm.json with 340 instructions.
Wrote data/build/linux/O0/rosetta_v06_00600_Golden-ratio-Convergence_golden-ratio-convergence_sym.asm.json with 174 instructions.
Wrote data/build/linux/O0/rosetta_v06_00606_Gotchas_gotchas-4_sym.asm.json with 60 instructions.
Wrote data/build/linux/O0/rosetta_v06_00609_Gotchas_gotchas-11_sym.asm.json with 88 instructions.
Wrote data/build/linux/O0/rosetta_v06_00610_Gotchas_gotchas-7_sym.asm.json with 65 instructions.
Wrote data/build/linux/O0/rosetta_v06_00611_Gotchas_gotchas-8_sym.asm.json with 66 instructions.
Wrote data/build/linux/O0/rosetta_v06_00615_Gray-code_gray-code-1_sym.asm.json with 82 instructions.
Wrote data/build/linux/O0/rosetta_v06_00620_Grayscale-image_grayscale-image-5_sym.asm.json with 60 instructions.
Wrote data/build/linux/O0/rosetta_v06_00621_Greatest-common-divisor_greatest-common-divisor-3_sym.asm.json with 133 instructions.
Wrote data/build/linux/O0/rosetta_v06_00622_Greatest-common-divisor_greatest-common-divisor-2_sym.asm.json with 78 instructions.
Wrote data/build/linux/O0/rosetta_v06_00623_Greatest-common-divisor_greatest-common-divisor-1_sym.asm.json with 90 instructions.
Wrote data/build/linux/O0/rosetta_v06_00624_Greatest-element-of-a-list_greatest-element-of-a-list-2_sym.asm.json with 60 instructions.
Wrote data/build/linux/O0/rosetta_v06_00626_Greatest-subsequential-sum_greatest-subsequential-sum_sym.asm.json with 197 instructions.
Wrote data/build/linux/O0/rosetta_v06_00627_Greedy-algorithm-for-Egyptian-fractions_greedy-algorithm-for-egyptian-fractions_sym.asm.json with 365 instructions.
Wrote data/build/linux/O0/rosetta_v06_00629_Guess-the-number_guess-the-number_sym.asm.json with 148 instructions.
Wrote data/build/linux/O0/rosetta_v06_00630_Guess-the-number-With-feedback_guess-the-number-with-feedback_sym.asm.json with 153 instructions.
Wrote data/build/linux/O0/rosetta_v06_00631_Guess-the-number-With-feedback-player-_guess-the-number-with-feedback-player--1_sym.asm.json with 150 instructions.
Wrote data/build/linux/O0/rosetta_v06_00632_Guess-the-number-With-feedback-player-_guess-the-number-with-feedback-player--2_sym.asm.json with 204 instructions.
Wrote data/build/linux/O0/rosetta_v06_00636_Hailstone-sequence_hailstone-sequence-1_sym.asm.json with 227 instructions.
Wrote data/build/linux/O0/rosetta_v06_00637_Hailstone-sequence_hailstone-sequence-2_sym.asm.json with 157 instructions.
Wrote data/build/linux/O0/rosetta_v06_00638_Halt-and-catch-fire_halt-and-catch-fire_sym.asm.json with 81 instructions.
Wrote data/build/linux/O0/rosetta_v06_00639_Hamming-numbers_hamming-numbers-1_sym.asm.json with 278 instructions.
Wrote data/build/linux/O0/rosetta_v06_00642_Happy-numbers_happy-numbers-2_sym.asm.json with 207 instructions.
Wrote data/build/linux/O0/rosetta_v06_00643_Happy-numbers_happy-numbers-1_sym.asm.json with 209 instructions.
Wrote data/build/linux/O0/rosetta_v06_00644_Harmonic-series_harmonic-series_sym.asm.json with 150 instructions.
Wrote data/build/linux/O0/rosetta_v06_00645_Harshad-or-Niven-series_harshad-or-niven-series_sym.asm.json with 156 instructions.
Wrote data/build/linux/O0/rosetta_v06_00646_Hash-from-two-arrays_hash-from-two-arrays_sym.asm.json with 352 instructions.
Wrote data/build/linux/O0/rosetta_v06_00647_Haversine-formula_haversine-formula_sym.asm.json with 201 instructions.
Wrote data/build/linux/O0/rosetta_v06_00652_Hello-world-Line-printer_hello-world-line-printer_sym.asm.json with 103 instructions.
Wrote data/build/linux/O0/rosetta_v06_00653_Hello-world-Newline-omission_hello-world-newline-omission_sym.asm.json with 88 instructions.
>>> tail -n 5 out/logs/v06_improve_20260210_153416.log
Wrote data/build/linux/O0/rosetta_v06_00646_Hash-from-two-arrays_hash-from-two-arrays_sym.asm.json with 352 instructions.
Wrote data/build/linux/O0/rosetta_v06_00647_Haversine-formula_haversine-formula_sym.asm.json with 201 instructions.
Wrote data/build/linux/O0/rosetta_v06_00652_Hello-world-Line-printer_hello-world-line-printer_sym.asm.json with 103 instructions.
Wrote data/build/linux/O0/rosetta_v06_00653_Hello-world-Newline-omission_hello-world-newline-omission_sym.asm.json with 88 instructions.
>>> tail -n 5 out/logs/v06_improve_20260210_153416.log
Wrote data/build/linux/O0/rosetta_v06_00654_Hello-world-Standard-error_hello-world-standard-error_sym.asm.json with 93 instructions.
Wrote data/build/linux/O0/rosetta_v06_00655_Hello-world-Text_hello-world-text-4_sym.asm.json with 84 instructions.
Wrote data/build/linux/O0/rosetta_v06_00656_Hello-world-Text_hello-world-text-3_sym.asm.json with 84 instructions.
Wrote data/build/linux/O0/rosetta_v06_00657_Hello-world-Text_hello-world-text-1_sym.asm.json with 85 instructions.
Wrote data/build/linux/O0/rosetta_v06_00658_Hello-world-Text_hello-world-text-2_sym.asm.json with 84 instructions.
Wrote data/build/linux/O0/rosetta_v06_00659_Hello-world-Web-server_hello-world-web-server_sym.asm.json with 185 instructions.
Wrote data/build/linux/O0/rosetta_v06_00660_Heronian-triangles_heronian-triangles_sym.asm.json with 524 instructions.
Wrote data/build/linux/O0/rosetta_v06_00664_Higher-order-functions_higher-order-functions-1_sym.asm.json with 71 instructions.
Wrote data/build/linux/O0/rosetta_v06_00665_Higher-order-functions_higher-order-functions-3_sym.asm.json with 79 instructions.
Wrote data/build/linux/O0/rosetta_v06_00667_Hilbert-curve_hilbert-curve_sym.asm.json with 369 instructions.
Wrote data/build/linux/O0/rosetta_v06_00668_Hofstadter-Conway-$10-000-sequence_hofstadter-conway-$10-000-sequence_sym.asm.json with 146 instructions.
Wrote data/build/linux/O0/rosetta_v06_00669_Hofstadter-Figure-Figure-sequences_hofstadter-figure-figure-sequences_sym.asm.json with 326 instructions.
Wrote data/build/linux/O0/rosetta_v06_00670_Hofstadter-Q-sequence_hofstadter-q-sequence_sym.asm.json with 195 instructions.
Wrote data/build/linux/O0/rosetta_v06_00673_Horizontal-sundial-calculations_horizontal-sundial-calculations_sym.asm.json with 212 instructions.
Wrote data/build/linux/O0/rosetta_v06_00674_Horners-rule-for-polynomial-evaluation_horners-rule-for-polynomial-evaluation_sym.asm.json with 130 instructions.
Wrote data/build/linux/O0/rosetta_v06_00675_Host-introspection_host-introspection-2_sym.asm.json with 95 instructions.
Wrote data/build/linux/O0/rosetta_v06_00676_Host-introspection_host-introspection-1_sym.asm.json with 102 instructions.
Wrote data/build/linux/O0/rosetta_v06_00677_Hostname_hostname_sym.asm.json with 101 instructions.
Wrote data/build/linux/O0/rosetta_v06_00678_Huffman-coding_huffman-coding-1_sym.asm.json with 603 instructions.
Wrote data/build/linux/O0/rosetta_v06_00679_Huffman-coding_huffman-coding-2_sym.asm.json with 534 instructions.
Wrote data/build/linux/O0/rosetta_v06_00683_IBAN_iban_sym.asm.json with 1286 instructions.
Wrote data/build/linux/O0/rosetta_v06_00684_ISBN13-check-digit_isbn13-check-digit_sym.asm.json with 181 instructions.
Wrote data/build/linux/O0/rosetta_v06_00685_Identity-matrix_identity-matrix_sym.asm.json with 225 instructions.
Wrote data/build/linux/O0/rosetta_v06_00686_Idiomatically-determine-all-the-lowercase-and-uppercase-letters_idiomatically-determine-all-the-lowercase-and-uppercase-letters_sym.asm.json with 108 instructions.
Wrote data/build/linux/O0/rosetta_v06_00692_Imaginary-base-numbers_imaginary-base-numbers_sym.asm.json with 1043 instructions.
Wrote data/build/linux/O0/rosetta_v06_00696_Increment-a-numerical-string_increment-a-numerical-string_sym.asm.json with 324 instructions.
Wrote data/build/linux/O0/rosetta_v06_00697_Infinity_infinity-2_sym.asm.json with 87 instructions.
Wrote data/build/linux/O0/rosetta_v06_00698_Infinity_infinity-1_sym.asm.json with 93 instructions.
Wrote data/build/linux/O0/rosetta_v06_00699_Inheritance-Multiple_inheritance-multiple_sym.asm.json with 60 instructions.
Wrote data/build/linux/O0/rosetta_v06_00700_Input-loop_input-loop_sym.asm.json with 164 instructions.
Wrote data/build/linux/O0/rosetta_v06_00701_Integer-comparison_integer-comparison_sym.asm.json with 125 instructions.
Wrote data/build/linux/O0/rosetta_v06_00702_Integer-overflow_integer-overflow_sym.asm.json with 182 instructions.
Wrote data/build/linux/O0/rosetta_v06_00705_Integer-sequence_integer-sequence-1_sym.asm.json with 93 instructions.
Wrote data/build/linux/O0/rosetta_v06_00706_Intersecting-number-wheels_intersecting-number-wheels_sym.asm.json with 390 instructions.
Wrote data/build/linux/O0/rosetta_v06_00707_Introspection_introspection_sym.asm.json with 60 instructions.
Wrote data/build/linux/O0/rosetta_v06_00709_Inverted-index_inverted-index-1_sym.asm.json with 410 instructions.
Wrote data/build/linux/O0/rosetta_v06_00712_Isqrt-integer-square-root-of-X_isqrt-integer-square-root-of-x_sym.asm.json with 159 instructions.
Wrote data/build/linux/O0/rosetta_v06_00713_Iterated-digits-squaring_iterated-digits-squaring-2_sym.asm.json with 284 instructions.
Wrote data/build/linux/O0/rosetta_v06_00714_Iterated-digits-squaring_iterated-digits-squaring-1_sym.asm.json with 235 instructions.
Wrote data/build/linux/O0/rosetta_v06_00716_Jacobi-symbol_jacobi-symbol_sym.asm.json with 216 instructions.
Wrote data/build/linux/O0/rosetta_v06_00718_Jaro-similarity_jaro-similarity_sym.asm.json with 323 instructions.
Wrote data/build/linux/O0/rosetta_v06_00719_Jensens-Device_jensens-device-2_sym.asm.json with 101 instructions.
Wrote data/build/linux/O0/rosetta_v06_00720_Jensens-Device_jensens-device-1_sym.asm.json with 125 instructions.
Wrote data/build/linux/O0/rosetta_v06_00721_Jewels-and-stones_jewels-and-stones_sym.asm.json with 131 instructions.
Wrote data/build/linux/O0/rosetta_v06_00723_JortSort_jortsort_sym.asm.json with 224 instructions.
Wrote data/build/linux/O0/rosetta_v06_00724_Josephus-problem_josephus-problem_sym.asm.json with 208 instructions.
Wrote data/build/linux/O0/rosetta_v06_00725_Joystick-position_joystick-position_sym.asm.json with 169 instructions.
Wrote data/build/linux/O0/rosetta_v06_00734_K-means++-clustering_k-means++-clustering_sym.asm.json with 1490 instructions.
Wrote data/build/linux/O0/rosetta_v06_00735_Kaprekar-numbers_kaprekar-numbers-1_sym.asm.json with 295 instructions.
Wrote data/build/linux/O0/rosetta_v06_00736_Kaprekar-numbers_kaprekar-numbers-2_sym.asm.json with 410 instructions.
Wrote data/build/linux/O0/rosetta_v06_00737_Kernighans-large-earthquake-problem_kernighans-large-earthquake-problem_sym.asm.json with 182 instructions.
Wrote data/build/linux/O0/rosetta_v06_00739_Keyboard-input-Flush-the-keyboard-buffer_keyboard-input-flush-the-keyboard-buffer-1_sym.asm.json with 107 instructions.
Wrote data/build/linux/O0/rosetta_v06_00742_Keyboard-input-Obtain-a-Y-or-N-response_keyboard-input-obtain-a-y-or-n-response_sym.asm.json with 224 instructions.
Wrote data/build/linux/O0/rosetta_v06_00744_Knapsack-problem-0-1_knapsack-problem-0-1_sym.asm.json with 358 instructions.
Wrote data/build/linux/O0/rosetta_v06_00745_Knapsack-problem-Bounded_knapsack-problem-bounded_sym.asm.json with 469 instructions.
Wrote data/build/linux/O0/rosetta_v06_00746_Knapsack-problem-Continuous_knapsack-problem-continuous_sym.asm.json with 168 instructions.
Wrote data/build/linux/O0/rosetta_v06_00747_Knapsack-problem-Unbounded_knapsack-problem-unbounded_sym.asm.json with 310 instructions.
Wrote data/build/linux/O0/rosetta_v06_00748_Knights-tour_knights-tour_sym.asm.json with 541 instructions.
Wrote data/build/linux/O0/rosetta_v06_00749_Knuth-shuffle_knuth-shuffle-2_sym.asm.json with 217 instructions.
Wrote data/build/linux/O0/rosetta_v06_00750_Knuth-shuffle_knuth-shuffle-1_sym.asm.json with 153 instructions.
Wrote data/build/linux/O0/rosetta_v06_00751_Knuths-algorithm-S_knuths-algorithm-s_sym.asm.json with 318 instructions.
Wrote data/build/linux/O0/rosetta_v06_00754_Kronecker-product_kronecker-product_sym.asm.json with 391 instructions.
Wrote data/build/linux/O0/rosetta_v06_00756_LU-decomposition_lu-decomposition_sym.asm.json with 866 instructions.
Wrote data/build/linux/O0/rosetta_v06_00758_Lah-numbers_lah-numbers_sym.asm.json with 227 instructions.
Wrote data/build/linux/O0/rosetta_v06_00759_Langtons-ant_langtons-ant_sym.asm.json with 404 instructions.
Wrote data/build/linux/O0/rosetta_v06_00760_Largest-int-from-concatenated-ints_largest-int-from-concatenated-ints_sym.asm.json with 179 instructions.
Wrote data/build/linux/O0/rosetta_v06_00761_Largest-number-divisible-by-its-digits_largest-number-divisible-by-its-digits-1_sym.asm.json with 183 instructions.
Wrote data/build/linux/O0/rosetta_v06_00763_Largest-proper-divisor-of-n_largest-proper-divisor-of-n_sym.asm.json with 144 instructions.
Wrote data/build/linux/O0/rosetta_v06_00764_Last-Friday-of-each-month_last-friday-of-each-month_sym.asm.json with 222 instructions.
Wrote data/build/linux/O0/rosetta_v06_00765_Last-letter-first-letter_last-letter-first-letter-1_sym.asm.json with 397 instructions.
Wrote data/build/linux/O0/rosetta_v06_00766_Last-letter-first-letter_last-letter-first-letter-2_sym.asm.json with 854 instructions.
Wrote data/build/linux/O0/rosetta_v06_00768_Law-of-cosines---triples_law-of-cosines---triples-2_sym.asm.json with 153 instructions.
Wrote data/build/linux/O0/rosetta_v06_00769_Law-of-cosines---triples_law-of-cosines---triples-1_sym.asm.json with 138 instructions.
Wrote data/build/linux/O0/rosetta_v06_00770_Leap-year_leap-year_sym.asm.json with 137 instructions.
Wrote data/build/linux/O0/rosetta_v06_00771_Least-common-multiple_least-common-multiple_sym.asm.json with 125 instructions.
Wrote data/build/linux/O0/rosetta_v06_00773_Legendre-prime-counting-function_legendre-prime-counting-function_sym.asm.json with 655 instructions.
Wrote data/build/linux/O0/rosetta_v06_00774_Leonardo-numbers_leonardo-numbers_sym.asm.json with 163 instructions.
Wrote data/build/linux/O0/rosetta_v06_00776_Levenshtein-distance_levenshtein-distance-1_sym.asm.json with 188 instructions.
Wrote data/build/linux/O0/rosetta_v06_00777_Levenshtein-distance_levenshtein-distance-2_sym.asm.json with 343 instructions.
Wrote data/build/linux/O0/rosetta_v06_00778_Levenshtein-distance-Alignment_levenshtein-distance-alignment_sym.asm.json with 390 instructions.
Wrote data/build/linux/O0/rosetta_v06_00779_Linear-congruential-generator_linear-congruential-generator_sym.asm.json with 109 instructions.
Wrote data/build/linux/O0/rosetta_v06_00780_List-comprehensions_list-comprehensions_sym.asm.json with 403 instructions.
Wrote data/build/linux/O0/rosetta_v06_00781_List-rooted-trees_list-rooted-trees_sym.asm.json with 354 instructions.
Wrote data/build/linux/O0/rosetta_v06_00782_Literals-Integer_literals-integer_sym.asm.json with 84 instructions.
Wrote data/build/linux/O0/rosetta_v06_00783_Literals-String_literals-string-3_sym.asm.json with 60 instructions.
Wrote data/build/linux/O0/rosetta_v06_00784_Literals-String_literals-string-2_sym.asm.json with 60 instructions.
Wrote data/build/linux/O0/rosetta_v06_00785_Literals-String_literals-string-4_sym.asm.json with 60 instructions.
Wrote data/build/linux/O0/rosetta_v06_00786_Literals-String_literals-string-1_sym.asm.json with 60 instructions.
Wrote data/build/linux/O0/rosetta_v06_00788_Logistic-curve-fitting-in-epidemiology_logistic-curve-fitting-in-epidemiology_sym.asm.json with 259 instructions.
Wrote data/build/linux/O0/rosetta_v06_00789_Long-multiplication_long-multiplication-1_sym.asm.json with 308 instructions.
Wrote data/build/linux/O0/rosetta_v06_00792_Long-year_long-year_sym.asm.json with 193 instructions.
Wrote data/build/linux/O0/rosetta_v06_00794_Longest-common-subsequence_longest-common-subsequence-1_sym.asm.json with 299 instructions.
Wrote data/build/linux/O0/rosetta_v06_00796_Longest-increasing-subsequence_longest-increasing-subsequence_sym.asm.json with 264 instructions.
Wrote data/build/linux/O0/rosetta_v06_00799_Longest-string-challenge_longest-string-challenge-4_sym.asm.json with 196 instructions.
Wrote data/build/linux/O0/rosetta_v06_00800_Longest-string-challenge_longest-string-challenge-3_sym.asm.json with 359 instructions.
Wrote data/build/linux/O0/rosetta_v06_00801_Look-and-say-sequence_look-and-say-sequence_sym.asm.json with 153 instructions.
Wrote data/build/linux/O0/rosetta_v06_00802_Loop-over-multiple-arrays-simultaneously_loop-over-multiple-arrays-simultaneously_sym.asm.json with 106 instructions.
Wrote data/build/linux/O0/rosetta_v06_00810_Loops-Foreach_loops-foreach-2_sym.asm.json with 126 instructions.
Wrote data/build/linux/O0/rosetta_v06_00811_Loops-Foreach_loops-foreach-4_sym.asm.json with 174 instructions.
Wrote data/build/linux/O0/rosetta_v06_00812_Loops-Foreach_loops-foreach-3_sym.asm.json with 128 instructions.
Wrote data/build/linux/O0/rosetta_v06_00813_Loops-Increment-loop-index-within-loop-body_loops-increment-loop-index-within-loop-body_sym.asm.json with 167 instructions.
Wrote data/build/linux/O0/rosetta_v06_00819_Loops-N-plus-one-half_loops-n-plus-one-half_sym.asm.json with 101 instructions.
Wrote data/build/linux/O0/rosetta_v06_00820_Loops-Nested_loops-nested-1_sym.asm.json with 178 instructions.
Wrote data/build/linux/O0/rosetta_v06_00821_Loops-Nested_loops-nested-2_sym.asm.json with 192 instructions.
Wrote data/build/linux/O0/rosetta_v06_00824_Loops-With-multiple-ranges_loops-with-multiple-ranges_sym.asm.json with 247 instructions.
Wrote data/build/linux/O0/rosetta_v06_00827_Lucas-Lehmer-test_lucas-lehmer-test-2_sym.asm.json with 195 instructions.
Wrote data/build/linux/O0/rosetta_v06_00829_Ludic-numbers_ludic-numbers_sym.asm.json with 378 instructions.
Wrote data/build/linux/O0/rosetta_v06_00830_Luhn-test-of-credit-card-numbers_luhn-test-of-credit-card-numbers_sym.asm.json with 186 instructions.
Wrote data/build/linux/O0/rosetta_v06_00831_M-bius-function_m-bius-function_sym.asm.json with 285 instructions.
Wrote data/build/linux/O0/rosetta_v06_00833_MD4_md4-1_sym.asm.json with 1462 instructions.
Wrote data/build/linux/O0/rosetta_v06_00835_MD5_md5-2_sym.asm.json with 537 instructions.
Wrote data/build/linux/O0/rosetta_v06_00837_Machine-code_machine-code_sym.asm.json with 121 instructions.
Wrote data/build/linux/O0/rosetta_v06_00839_Magic-8-ball_magic-8-ball_sym.asm.json with 193 instructions.
Wrote data/build/linux/O0/rosetta_v06_00840_Magic-constant_magic-constant_sym.asm.json with 169 instructions.
Wrote data/build/linux/O0/rosetta_v06_00841_Magic-squares-of-doubly-even-order_magic-squares-of-doubly-even-order_sym.asm.json with 332 instructions.
Wrote data/build/linux/O0/rosetta_v06_00842_Magic-squares-of-odd-order_magic-squares-of-odd-order_sym.asm.json with 175 instructions.
Wrote data/build/linux/O0/rosetta_v06_00843_Magic-squares-of-singly-even-order_magic-squares-of-singly-even-order_sym.asm.json with 565 instructions.
Wrote data/build/linux/O0/rosetta_v06_00846_Make-directory-path_make-directory-path_sym.asm.json with 153 instructions.
Wrote data/build/linux/O0/rosetta_v06_00848_Man-or-boy-test_man-or-boy-test-3_sym.asm.json with 262 instructions.
Wrote data/build/linux/O0/rosetta_v06_00849_Man-or-boy-test_man-or-boy-test-1_sym.asm.json with 249 instructions.
Wrote data/build/linux/O0/rosetta_v06_00850_Mandelbrot-set_mandelbrot-set-1_sym.asm.json with 233 instructions.
Wrote data/build/linux/O0/rosetta_v06_00852_Mandelbrot-set_mandelbrot-set-5_sym.asm.json with 330 instructions.
Wrote data/build/linux/O0/rosetta_v06_00855_Map-range_map-range_sym.asm.json with 107 instructions.
Wrote data/build/linux/O0/rosetta_v06_00856_Matrix-chain-multiplication_matrix-chain-multiplication_sym.asm.json with 475 instructions.
Wrote data/build/linux/O0/rosetta_v06_00862_Matrix-multiplication_matrix-multiplication_sym.asm.json with 283 instructions.
Wrote data/build/linux/O0/rosetta_v06_00863_Matrix-transposition_matrix-transposition-1_sym.asm.json with 201 instructions.
Wrote data/build/linux/O0/rosetta_v06_00864_Matrix-transposition_matrix-transposition-2_sym.asm.json with 243 instructions.
Wrote data/build/linux/O0/rosetta_v06_00865_Maximum-triangle-path-sum_maximum-triangle-path-sum_sym.asm.json with 154 instructions.
Wrote data/build/linux/O0/rosetta_v06_00866_Mayan-numerals_mayan-numerals_sym.asm.json with 383 instructions.
Wrote data/build/linux/O0/rosetta_v06_00867_Maze-generation_maze-generation_sym.asm.json with 1125 instructions.
Wrote data/build/linux/O0/rosetta_v06_00868_McNuggets-problem_mcnuggets-problem_sym.asm.json with 171 instructions.
Wrote data/build/linux/O0/rosetta_v06_00869_Median-filter_median-filter_sym.asm.json with 776 instructions.
Wrote data/build/linux/O0/rosetta_v06_00872_Memory-allocation_memory-allocation-1_sym.asm.json with 109 instructions.
Wrote data/build/linux/O0/rosetta_v06_00874_Memory-layout-of-a-data-structure_memory-layout-of-a-data-structure_sym.asm.json with 60 instructions.
Wrote data/build/linux/O0/rosetta_v06_00875_Menu_menu_sym.asm.json with 183 instructions.
Wrote data/build/linux/O0/rosetta_v06_00876_Mertens-function_mertens-function_sym.asm.json with 252 instructions.
Wrote data/build/linux/O0/rosetta_v06_00878_Metaprogramming_metaprogramming-6_sym.asm.json with 60 instructions.
Wrote data/build/linux/O0/rosetta_v06_00885_Metaprogramming_metaprogramming-1_sym.asm.json with 75 instructions.
Wrote data/build/linux/O0/rosetta_v06_00886_Metered-concurrency_metered-concurrency_sym.asm.json with 220 instructions.
Wrote data/build/linux/O0/rosetta_v06_00888_Mian-Chowla-sequence_mian-chowla-sequence-1_sym.asm.json with 232 instructions.
Wrote data/build/linux/O0/rosetta_v06_00889_Mian-Chowla-sequence_mian-chowla-sequence-2_sym.asm.json with 390 instructions.
Wrote data/build/linux/O0/rosetta_v06_00890_Middle-three-digits_middle-three-digits-1_sym.asm.json with 175 instructions.
Wrote data/build/linux/O0/rosetta_v06_00892_Miller-Rabin-primality-test_miller-rabin-primality-test-5_sym.asm.json with 257 instructions.
Wrote data/build/linux/O0/rosetta_v06_00896_Miller-Rabin-primality-test_miller-rabin-primality-test-1_sym.asm.json with 60 instructions.
Wrote data/build/linux/O0/rosetta_v06_00897_Mind-boggling-card-trick_mind-boggling-card-trick_sym.asm.json with 400 instructions.
Wrote data/build/linux/O0/rosetta_v06_00900_Minimum-multiple-of-m-where-digital-sum-equals-m_minimum-multiple-of-m-where-digital-sum-equals-m_sym.asm.json with 162 instructions.
Wrote data/build/linux/O0/rosetta_v06_00901_Minimum-positive-multiple-in-base-10-using-only-0-and-1_minimum-positive-multiple-in-base-10-using-only-0-and-1_sym.asm.json with 1009 instructions.
Wrote data/build/linux/O0/rosetta_v06_00902_Modular-arithmetic_modular-arithmetic_sym.asm.json with 222 instructions.
Wrote data/build/linux/O0/rosetta_v06_00904_Modular-inverse_modular-inverse-1_sym.asm.json with 132 instructions.
Wrote data/build/linux/O0/rosetta_v06_00905_Modular-inverse_modular-inverse-2_sym.asm.json with 186 instructions.
Wrote data/build/linux/O0/rosetta_v06_00907_Monads-List-monad_monads-list-monad-1_sym.asm.json with 145 instructions.
Wrote data/build/linux/O0/rosetta_v06_00908_Monads-Maybe-monad_monads-maybe-monad_sym.asm.json with 330 instructions.
Wrote data/build/linux/O0/rosetta_v06_00909_Monte-Carlo-methods_monte-carlo-methods_sym.asm.json with 210 instructions.
Wrote data/build/linux/O0/rosetta_v06_00910_Monty-Hall-problem_monty-hall-problem_sym.asm.json with 230 instructions.
Wrote data/build/linux/O0/rosetta_v06_00911_Morse-code_morse-code_sym.asm.json with 300 instructions.
Wrote data/build/linux/O0/rosetta_v06_00912_Motzkin-numbers_motzkin-numbers_sym.asm.json with 201 instructions.
Wrote data/build/linux/O0/rosetta_v06_00914_Move-to-front-algorithm_move-to-front-algorithm_sym.asm.json with 411 instructions.
Wrote data/build/linux/O0/rosetta_v06_00916_Multifactorial_multifactorial_sym.asm.json with 148 instructions.
Wrote data/build/linux/O0/rosetta_v06_00919_Multiplication-tables_multiplication-tables_sym.asm.json with 147 instructions.
Wrote data/build/linux/O0/rosetta_v06_00922_Multisplit_multisplit-1_sym.asm.json with 168 instructions.
Wrote data/build/linux/O0/rosetta_v06_00923_Munchausen-numbers_munchausen-numbers_sym.asm.json with 143 instructions.
Wrote data/build/linux/O0/rosetta_v06_00924_Munching-squares_munching-squares_sym.asm.json with 336 instructions.
Wrote data/build/linux/O0/rosetta_v06_00930_Mutex_mutex-5_sym.asm.json with 60 instructions.
Wrote data/build/linux/O0/rosetta_v06_00936_Mutual-recursion_mutual-recursion_sym.asm.json with 155 instructions.
Wrote data/build/linux/O0/rosetta_v06_00937_N-queens-problem_n-queens-problem-1_sym.asm.json with 337 instructions.
Wrote data/build/linux/O0/rosetta_v06_00939_N-queens-problem_n-queens-problem-2_sym.asm.json with 240 instructions.
Wrote data/build/linux/O0/rosetta_v06_00940_N-queens-problem_n-queens-problem-4_sym.asm.json with 289 instructions.
Wrote data/build/linux/O0/rosetta_v06_00941_N-queens-problem_n-queens-problem-3_sym.asm.json with 189 instructions.
Wrote data/build/linux/O0/rosetta_v06_00943_Named-parameters_named-parameters_sym.asm.json with 189 instructions.
Wrote data/build/linux/O0/rosetta_v06_00944_Naming-conventions_naming-conventions-5_sym.asm.json with 60 instructions.
Wrote data/build/linux/O0/rosetta_v06_00946_Naming-conventions_naming-conventions-3_sym.asm.json with 60 instructions.
Wrote data/build/linux/O0/rosetta_v06_00947_Naming-conventions_naming-conventions-4_sym.asm.json with 60 instructions.
Wrote data/build/linux/O0/rosetta_v06_00951_Natural-sorting_natural-sorting-1_sym.asm.json with 1023 instructions.
Wrote data/build/linux/O0/rosetta_v06_00953_Nautical-bell_nautical-bell_sym.asm.json with 186 instructions.
Wrote data/build/linux/O0/rosetta_v06_00954_Negative-base-numbers_negative-base-numbers_sym.asm.json with 261 instructions.
Wrote data/build/linux/O0/rosetta_v06_00955_Nested-function_nested-function_sym.asm.json with 204 instructions.
Wrote data/build/linux/O0/rosetta_v06_00956_Next-highest-int-from-digits_next-highest-int-from-digits_sym.asm.json with 289 instructions.
Wrote data/build/linux/O0/rosetta_v06_00957_Nim-game_nim-game_sym.asm.json with 188 instructions.
Wrote data/build/linux/O0/rosetta_v06_00958_Non-continuous-subsequences_non-continuous-subsequences-3_sym.asm.json with 187 instructions.
Wrote data/build/linux/O0/rosetta_v06_00959_Non-continuous-subsequences_non-continuous-subsequences-1_sym.asm.json with 148 instructions.
Wrote data/build/linux/O0/rosetta_v06_00960_Non-continuous-subsequences_non-continuous-subsequences-2_sym.asm.json with 161 instructions.
Wrote data/build/linux/O0/rosetta_v06_00961_Non-decimal-radices-Convert_non-decimal-radices-convert_sym.asm.json with 226 instructions.
Wrote data/build/linux/O0/rosetta_v06_00962_Non-decimal-radices-Input_non-decimal-radices-input-1_sym.asm.json with 124 instructions.
Wrote data/build/linux/O0/rosetta_v06_00963_Non-decimal-radices-Input_non-decimal-radices-input-2_sym.asm.json with 160 instructions.
Wrote data/build/linux/O0/rosetta_v06_00964_Non-decimal-radices-Output_non-decimal-radices-output_sym.asm.json with 94 instructions.
Wrote data/build/linux/O0/rosetta_v06_00965_Nonoblock_nonoblock_sym.asm.json with 333 instructions.
Wrote data/build/linux/O0/rosetta_v06_00967_Nth_nth-1_sym.asm.json with 262 instructions.
Wrote data/build/linux/O0/rosetta_v06_00968_Nth-root_nth-root_sym.asm.json with 169 instructions.
Wrote data/build/linux/O0/rosetta_v06_00969_Null-object_null-object_sym.asm.json with 88 instructions.
Wrote data/build/linux/O0/rosetta_v06_00970_Number-names_number-names_sym.asm.json with 502 instructions.
Wrote data/build/linux/O0/rosetta_v06_00973_Numbers-which-are-the-cube-roots-of-the-product-of-their-proper-divisors_numbers-which-are-the-cube-roots-of-the-product-of-their-proper-divisors_sym.asm.json with 218 instructions.
Wrote data/build/linux/O0/rosetta_v06_00974_Numbers-with-equal-rises-and-falls_numbers-with-equal-rises-and-falls_sym.asm.json with 220 instructions.
Wrote data/build/linux/O0/rosetta_v06_00975_Numeric-error-propagation_numeric-error-propagation_sym.asm.json with 461 instructions.
Wrote data/build/linux/O0/rosetta_v06_00978_Numerical-integration-Gauss-Legendre-Quadrature_numerical-integration-gauss-legendre-quadrature_sym.asm.json with 448 instructions.
Wrote data/build/linux/O0/rosetta_v06_00979_Odd-word-problem_odd-word-problem_sym.asm.json with 175 instructions.
Wrote data/build/linux/O0/rosetta_v06_00980_Old-Russian-measure-of-length_old-russian-measure-of-length_sym.asm.json with 246 instructions.
Wrote data/build/linux/O0/rosetta_v06_00981_Old-lady-swallowed-a-fly_old-lady-swallowed-a-fly_sym.asm.json with 130 instructions.
Wrote data/build/linux/O0/rosetta_v06_00982_One-dimensional-cellular-automata_one-dimensional-cellular-automata-3_sym.asm.json with 233 instructions.
Wrote data/build/linux/O0/rosetta_v06_00983_One-dimensional-cellular-automata_one-dimensional-cellular-automata-2_sym.asm.json with 236 instructions.
Wrote data/build/linux/O0/rosetta_v06_00984_One-dimensional-cellular-automata_one-dimensional-cellular-automata-1_sym.asm.json with 187 instructions.
Wrote data/build/linux/O0/rosetta_v06_00987_Optional-parameters_optional-parameters_sym.asm.json with 714 instructions.
Wrote data/build/linux/O0/rosetta_v06_00988_Order-by-pair-comparisons_order-by-pair-comparisons_sym.asm.json with 178 instructions.
Wrote data/build/linux/O0/rosetta_v06_00989_Order-two-numerical-lists_order-two-numerical-lists-1_sym.asm.json with 125 instructions.
Wrote data/build/linux/O0/rosetta_v06_00990_Order-two-numerical-lists_order-two-numerical-lists-2_sym.asm.json with 60 instructions.
Wrote data/build/linux/O0/rosetta_v06_00991_Ordered-partitions_ordered-partitions-1_sym.asm.json with 268 instructions.
Wrote data/build/linux/O0/rosetta_v06_00992_Ordered-partitions_ordered-partitions-2_sym.asm.json with 216 instructions.
Wrote data/build/linux/O0/rosetta_v06_00993_Ordered-words_ordered-words-1_sym.asm.json with 300 instructions.
Wrote data/build/linux/O0/rosetta_v06_00994_Ordered-words_ordered-words-2_sym.asm.json with 366 instructions.
Wrote data/build/linux/O0/rosetta_v06_00995_Ordered-words_ordered-words-3_sym.asm.json with 245 instructions.
Wrote data/build/linux/O0/rosetta_v06_00996_Ormiston-triples_ormiston-triples_sym.asm.json with 512 instructions.
Wrote data/build/linux/O0/rosetta_v06_00997_Own-digits-power-sum_own-digits-power-sum-2_sym.asm.json with 450 instructions.
Wrote data/build/linux/O0/rosetta_v06_00998_Own-digits-power-sum_own-digits-power-sum-1_sym.asm.json with 257 instructions.
Wrote data/build/linux/O0/rosetta_v06_00999_P-value-correction_p-value-correction-1_sym.asm.json with 1948 instructions.
Wrote data/build/linux/O0/rosetta_v06_01001_Padovan-n-step-number-sequences_padovan-n-step-number-sequences_sym.asm.json with 238 instructions.
Wrote data/build/linux/O0/rosetta_v06_01002_Padovan-sequence_padovan-sequence_sym.asm.json with 395 instructions.
Wrote data/build/linux/O0/rosetta_v06_01003_Palindrome-dates_palindrome-dates_sym.asm.json with 177 instructions.
Wrote data/build/linux/O0/rosetta_v06_01004_Palindrome-detection_palindrome-detection-1_sym.asm.json with 100 instructions.
Wrote data/build/linux/O0/rosetta_v06_01005_Palindrome-detection_palindrome-detection-2_sym.asm.json with 91 instructions.
Wrote data/build/linux/O0/rosetta_v06_01007_Palindrome-detection_palindrome-detection-3_sym.asm.json with 97 instructions.
Wrote data/build/linux/O0/rosetta_v06_01008_Palindromic-gapful-numbers_palindromic-gapful-numbers_sym.asm.json with 631 instructions.
Wrote data/build/linux/O0/rosetta_v06_01009_Pancake-numbers_pancake-numbers_sym.asm.json with 136 instructions.
Wrote data/build/linux/O0/rosetta_v06_01010_Pangram-checker_pangram-checker-2_sym.asm.json with 143 instructions.
Wrote data/build/linux/O0/rosetta_v06_01013_Paraffins_paraffins-1_sym.asm.json with 262 instructions.
Wrote data/build/linux/O0/rosetta_v06_01017_Parametric-polymorphism_parametric-polymorphism_sym.asm.json with 258 instructions.
Wrote data/build/linux/O0/rosetta_v06_01018_Parse-an-IP-Address_parse-an-ip-address-3_sym.asm.json with 394 instructions.
Wrote data/build/linux/O0/rosetta_v06_01019_Parse-an-IP-Address_parse-an-ip-address-1_sym.asm.json with 667 instructions.
Wrote data/build/linux/O0/rosetta_v06_01021_Parsing-RPN-calculator-algorithm_parsing-rpn-calculator-algorithm-2_sym.asm.json with 389 instructions.
Wrote data/build/linux/O0/rosetta_v06_01022_Parsing-RPN-calculator-algorithm_parsing-rpn-calculator-algorithm-1_sym.asm.json with 371 instructions.
Wrote data/build/linux/O0/rosetta_v06_01023_Parsing-RPN-to-infix-conversion_parsing-rpn-to-infix-conversion_sym.asm.json with 536 instructions.
Wrote data/build/linux/O0/rosetta_v06_01024_Parsing-Shunting-yard-algorithm_parsing-shunting-yard-algorithm_sym.asm.json with 703 instructions.
Wrote data/build/linux/O0/rosetta_v06_01026_Partial-function-application_partial-function-application-1_sym.asm.json with 234 instructions.
Wrote data/build/linux/O0/rosetta_v06_01027_Partition-an-integer-x-into-n-primes_partition-an-integer-x-into-n-primes_sym.asm.json with 553 instructions.
Wrote data/build/linux/O0/rosetta_v06_01029_Pascal-matrix-generation_pascal-matrix-generation_sym.asm.json with 498 instructions.
Wrote data/build/linux/O0/rosetta_v06_01030_Pascals-triangle_pascals-triangle-1_sym.asm.json with 134 instructions.
Wrote data/build/linux/O0/rosetta_v06_01031_Pascals-triangle_pascals-triangle-2_sym.asm.json with 157 instructions.
Wrote data/build/linux/O0/rosetta_v06_01033_Pascals-triangle-Puzzle_pascals-triangle-puzzle-1_sym.asm.json with 171 instructions.
Wrote data/build/linux/O0/rosetta_v06_01035_Password-generator_password-generator_sym.asm.json with 539 instructions.
Wrote data/build/linux/O0/rosetta_v06_01037_Peaceful-chess-queen-armies_peaceful-chess-queen-armies_sym.asm.json with 715 instructions.
Wrote data/build/linux/O0/rosetta_v06_01039_Pells-equation_pells-equation_sym.asm.json with 230 instructions.
Wrote data/build/linux/O0/rosetta_v06_01040_Penneys-game_penneys-game_sym.asm.json with 329 instructions.
Wrote data/build/linux/O0/rosetta_v06_01043_Percolation-Bond-percolation_percolation-bond-percolation_sym.asm.json with 471 instructions.
Wrote data/build/linux/O0/rosetta_v06_01044_Percolation-Mean-cluster-density_percolation-mean-cluster-density_sym.asm.json with 336 instructions.
Wrote data/build/linux/O0/rosetta_v06_01045_Percolation-Mean-run-density_percolation-mean-run-density_sym.asm.json with 202 instructions.
Wrote data/build/linux/O0/rosetta_v06_01046_Percolation-Site-percolation_percolation-site-percolation-2_sym.asm.json with 483 instructions.
Wrote data/build/linux/O0/rosetta_v06_01047_Percolation-Site-percolation_percolation-site-percolation-1_sym.asm.json with 302 instructions.
Wrote data/build/linux/O0/rosetta_v06_01048_Perfect-numbers_perfect-numbers-1_sym.asm.json with 143 instructions.
Wrote data/build/linux/O0/rosetta_v06_01050_Perfect-shuffle_perfect-shuffle_sym.asm.json with 336 instructions.
Wrote data/build/linux/O0/rosetta_v06_01051_Perfect-totient-numbers_perfect-totient-numbers_sym.asm.json with 224 instructions.
Wrote data/build/linux/O0/rosetta_v06_01053_Perlin-noise_perlin-noise_sym.asm.json with 600 instructions.
Wrote data/build/linux/O0/rosetta_v06_01054_Permutation-test_permutation-test-1_sym.asm.json with 195 instructions.
Wrote data/build/linux/O0/rosetta_v06_01056_Permutations_permutations-1_sym.asm.json with 238 instructions.
Wrote data/build/linux/O0/rosetta_v06_01057_Permutations_permutations-3_sym.asm.json with 488 instructions.
Wrote data/build/linux/O0/rosetta_v06_01058_Permutations_permutations-2_sym.asm.json with 232 instructions.
Wrote data/build/linux/O0/rosetta_v06_01059_Permutations-Derangements_permutations-derangements_sym.asm.json with 302 instructions.
Wrote data/build/linux/O0/rosetta_v06_01060_Permutations-Rank-of-a-permutation_permutations-rank-of-a-permutation_sym.asm.json with 385 instructions.
Wrote data/build/linux/O0/rosetta_v06_01061_Permutations-by-swapping_permutations-by-swapping_sym.asm.json with 284 instructions.
Wrote data/build/linux/O0/rosetta_v06_01062_Pernicious-numbers_pernicious-numbers_sym.asm.json with 139 instructions.
Wrote data/build/linux/O0/rosetta_v06_01063_Phrase-reversals_phrase-reversals_sym.asm.json with 303 instructions.
Wrote data/build/linux/O0/rosetta_v06_01065_Pick-random-element_pick-random-element_sym.asm.json with 128 instructions.
Wrote data/build/linux/O0/rosetta_v06_01068_Pig-the-dice-game-Player_pig-the-dice-game-player_sym.asm.json with 430 instructions.
Wrote data/build/linux/O0/rosetta_v06_01073_Playing-cards_playing-cards_sym.asm.json with 355 instructions.
Wrote data/build/linux/O0/rosetta_v06_01075_Plot-coordinate-pairs_plot-coordinate-pairs-2_sym.asm.json with 741 instructions.
Wrote data/build/linux/O0/rosetta_v06_01079_Pointers-and-references_pointers-and-references-10_sym.asm.json with 160 instructions.
Wrote data/build/linux/O0/rosetta_v06_01084_Pointers-and-references_pointers-and-references-1_sym.asm.json with 60 instructions.
Wrote data/build/linux/O0/rosetta_v06_01087_Polymorphic-copy_polymorphic-copy_sym.asm.json with 479 instructions.
Wrote data/build/linux/O0/rosetta_v06_01089_Polynomial-long-division_polynomial-long-division-3_sym.asm.json with 463 instructions.
Wrote data/build/linux/O0/rosetta_v06_01096_Population-count_population-count-1_sym.asm.json with 190 instructions.
Wrote data/build/linux/O0/rosetta_v06_01097_Power-set_power-set_sym.asm.json with 149 instructions.
Wrote data/build/linux/O0/rosetta_v06_01098_Pragmatic-directives_pragmatic-directives_sym.asm.json with 89 instructions.
Wrote data/build/linux/O0/rosetta_v06_01100_Primality-by-Wilsons-theorem_primality-by-wilsons-theorem_sym.asm.json with 149 instructions.
Wrote data/build/linux/O0/rosetta_v06_01101_Primality-by-trial-division_primality-by-trial-division_sym.asm.json with 92 instructions.
Wrote data/build/linux/O0/rosetta_v06_01102_Prime-conspiracy_prime-conspiracy_sym.asm.json with 530 instructions.
Wrote data/build/linux/O0/rosetta_v06_01104_Prime-decomposition_prime-decomposition-4_sym.asm.json with 410 instructions.
Wrote data/build/linux/O0/rosetta_v06_01106_Prime-decomposition_prime-decomposition-1_sym.asm.json with 596 instructions.
Wrote data/build/linux/O0/rosetta_v06_01108_Prime-triangle_prime-triangle-1_sym.asm.json with 424 instructions.
Wrote data/build/linux/O0/rosetta_v06_01109_Prime-triangle_prime-triangle-2_sym.asm.json with 294 instructions.
Wrote data/build/linux/O0/rosetta_v06_01113_Priority-queue_priority-queue-1_sym.asm.json with 340 instructions.
Wrote data/build/linux/O0/rosetta_v06_01115_Priority-queue_priority-queue-2_sym.asm.json with 60 instructions.
Wrote data/build/linux/O0/rosetta_v06_01118_Probabilistic-choice_probabilistic-choice-1_sym.asm.json with 221 instructions.
Wrote data/build/linux/O0/rosetta_v06_01119_Problem-of-Apollonius_problem-of-apollonius_sym.asm.json with 908 instructions.
Wrote data/build/linux/O0/rosetta_v06_01121_Program-name_program-name-1_sym.asm.json with 91 instructions.
Wrote data/build/linux/O0/rosetta_v06_01123_Program-name_program-name-2_sym.asm.json with 88 instructions.
Wrote data/build/linux/O0/rosetta_v06_01127_Proper-divisors_proper-divisors-1_sym.asm.json with 161 instructions.
Wrote data/build/linux/O0/rosetta_v06_01128_Proper-divisors_proper-divisors-2_sym.asm.json with 214 instructions.
Wrote data/build/linux/O0/rosetta_v06_01129_Pseudo-random-numbers-Combined-recursive-generator-MRG32k3a_pseudo-random-numbers-combined-recursive-generator-mrg32k3a_sym.asm.json with 271 instructions.
Wrote data/build/linux/O0/rosetta_v06_01130_Pseudo-random-numbers-Middle-square-method_pseudo-random-numbers-middle-square-method_sym.asm.json with 124 instructions.
Wrote data/build/linux/O0/rosetta_v06_01131_Pseudo-random-numbers-PCG32_pseudo-random-numbers-pcg32_sym.asm.json with 240 instructions.
Wrote data/build/linux/O0/rosetta_v06_01132_Pseudo-random-numbers-Splitmix64_pseudo-random-numbers-splitmix64_sym.asm.json with 176 instructions.
Wrote data/build/linux/O0/rosetta_v06_01133_Pseudo-random-numbers-Xorshift-star_pseudo-random-numbers-xorshift-star_sym.asm.json with 220 instructions.
Wrote data/build/linux/O0/rosetta_v06_01135_Pythagorean-quadruples_pythagorean-quadruples-1_sym.asm.json with 174 instructions.
Wrote data/build/linux/O0/rosetta_v06_01136_Pythagorean-quadruples_pythagorean-quadruples-2_sym.asm.json with 182 instructions.
Wrote data/build/linux/O0/rosetta_v06_01138_Pythagorean-triples_pythagorean-triples-3_sym.asm.json with 275 instructions.
Wrote data/build/linux/O0/rosetta_v06_01141_Pythagorean-triples_pythagorean-triples-5_sym.asm.json with 199 instructions.
Wrote data/build/linux/O0/rosetta_v06_01142_QR-decomposition_qr-decomposition_sym.asm.json with 1062 instructions.
Wrote data/build/linux/O0/rosetta_v06_01144_Quaternion-type_quaternion-type-1_sym.asm.json with 472 instructions.
Wrote data/build/linux/O0/rosetta_v06_01145_Queue-Definition_queue-definition-2_sym.asm.json with 161 instructions.
Wrote data/build/linux/O0/rosetta_v06_01147_Queue-Definition_queue-definition-4_sym.asm.json with 151 instructions.
Wrote data/build/linux/O0/rosetta_v06_01148_Queue-Definition_queue-definition-1_sym.asm.json with 254 instructions.
Wrote data/build/linux/O0/rosetta_v06_01150_Quickselect-algorithm_quickselect-algorithm_sym.asm.json with 241 instructions.
Wrote data/build/linux/O0/rosetta_v06_01151_Quine_quine-1_sym.asm.json with 188 instructions.
Wrote data/build/linux/O0/rosetta_v06_01153_Quine_quine-2_sym.asm.json with 94 instructions.
Wrote data/build/linux/O0/rosetta_v06_01155_RPG-attributes-generator_rpg-attributes-generator_sym.asm.json with 222 instructions.
Wrote data/build/linux/O0/rosetta_v06_01157_Radical-of-an-integer_radical-of-an-integer_sym.asm.json with 267 instructions.
Wrote data/build/linux/O0/rosetta_v06_01158_Ramer-Douglas-Peucker-line-simplification_ramer-douglas-peucker-line-simplification_sym.asm.json with 409 instructions.
Wrote data/build/linux/O0/rosetta_v06_01159_Random-Latin-squares_random-latin-squares_sym.asm.json with 422 instructions.
Wrote data/build/linux/O0/rosetta_v06_01160_Random-number-generator-device-_random-number-generator-device--1_sym.asm.json with 154 instructions.
Wrote data/build/linux/O0/rosetta_v06_01161_Random-number-generator-device-_random-number-generator-device--2_sym.asm.json with 91 instructions.
Wrote data/build/linux/O0/rosetta_v06_01165_Random-numbers_random-numbers_sym.asm.json with 138 instructions.
Wrote data/build/linux/O0/rosetta_v06_01166_Range-consolidation_range-consolidation_sym.asm.json with 420 instructions.
Wrote data/build/linux/O0/rosetta_v06_01167_Range-expansion_range-expansion_sym.asm.json with 293 instructions.
Wrote data/build/linux/O0/rosetta_v06_01168_Range-extraction_range-extraction_sym.asm.json with 263 instructions.
Wrote data/build/linux/O0/rosetta_v06_01169_Ranking-methods_ranking-methods_sym.asm.json with 619 instructions.
Wrote data/build/linux/O0/rosetta_v06_01170_Rate-counter_rate-counter_sym.asm.json with 172 instructions.
Wrote data/build/linux/O0/rosetta_v06_01171_Ray-casting-algorithm_ray-casting-algorithm_sym.asm.json with 829 instructions.
Wrote data/build/linux/O0/rosetta_v06_01173_Read-a-file-character-by-character-UTF8_read-a-file-character-by-character-utf8_sym.asm.json with 118 instructions.
Wrote data/build/linux/O0/rosetta_v06_01174_Read-a-file-line-by-line_read-a-file-line-by-line-3_sym.asm.json with 262 instructions.
Wrote data/build/linux/O0/rosetta_v06_01175_Read-a-file-line-by-line_read-a-file-line-by-line-1_sym.asm.json with 96 instructions.
Wrote data/build/linux/O0/rosetta_v06_01176_Read-a-file-line-by-line_read-a-file-line-by-line-2_sym.asm.json with 135 instructions.
Wrote data/build/linux/O0/rosetta_v06_01177_Read-a-specific-line-from-a-file_read-a-specific-line-from-a-file-1_sym.asm.json with 188 instructions.
Wrote data/build/linux/O0/rosetta_v06_01178_Read-a-specific-line-from-a-file_read-a-specific-line-from-a-file-2_sym.asm.json with 250 instructions.
Wrote data/build/linux/O0/rosetta_v06_01179_Read-entire-file_read-entire-file-1_sym.asm.json with 158 instructions.
Wrote data/build/linux/O0/rosetta_v06_01181_Read-entire-file_read-entire-file-2_sym.asm.json with 141 instructions.
Wrote data/build/linux/O0/rosetta_v06_01184_Record-sound_record-sound_sym.asm.json with 158 instructions.
Wrote data/build/linux/O0/rosetta_v06_01186_Regular-expressions_regular-expressions-1_sym.asm.json with 278 instructions.
Wrote data/build/linux/O0/rosetta_v06_01188_Remove-duplicate-elements_remove-duplicate-elements-3_sym.asm.json with 187 instructions.
Wrote data/build/linux/O0/rosetta_v06_01189_Remove-duplicate-elements_remove-duplicate-elements-1_sym.asm.json with 197 instructions.
Wrote data/build/linux/O0/rosetta_v06_01190_Remove-duplicate-elements_remove-duplicate-elements-2_sym.asm.json with 244 instructions.
Wrote data/build/linux/O0/rosetta_v06_01191_Remove-lines-from-a-file_remove-lines-from-a-file_sym.asm.json with 295 instructions.
Wrote data/build/linux/O0/rosetta_v06_01192_Rename-a-file_rename-a-file_sym.asm.json with 101 instructions.
Wrote data/build/linux/O0/rosetta_v06_01194_Rendezvous_rendezvous-1_sym.asm.json with 369 instructions.
Wrote data/build/linux/O0/rosetta_v06_01196_Rep-string_rep-string-1_sym.asm.json with 170 instructions.
Wrote data/build/linux/O0/rosetta_v06_01197_Repeat_repeat_sym.asm.json with 113 instructions.
Wrote data/build/linux/O0/rosetta_v06_01198_Repeat-a-string_repeat-a-string-1_sym.asm.json with 142 instructions.
Wrote data/build/linux/O0/rosetta_v06_01199_Repeat-a-string_repeat-a-string-3_sym.asm.json with 128 instructions.
Wrote data/build/linux/O0/rosetta_v06_01201_Resistor-mesh_resistor-mesh_sym.asm.json with 500 instructions.
Wrote data/build/linux/O0/rosetta_v06_01203_Return-multiple-values_return-multiple-values-1_sym.asm.json with 162 instructions.
Wrote data/build/linux/O0/rosetta_v06_01204_Return-multiple-values_return-multiple-values-2_sym.asm.json with 100 instructions.
Wrote data/build/linux/O0/rosetta_v06_01205_Reverse-a-string_reverse-a-string-1_sym.asm.json with 286 instructions.
Wrote data/build/linux/O0/rosetta_v06_01207_Reverse-words-in-a-string_reverse-words-in-a-string_sym.asm.json with 194 instructions.
Wrote data/build/linux/O0/rosetta_v06_01208_Rock-paper-scissors_rock-paper-scissors-2_sym.asm.json with 358 instructions.
Wrote data/build/linux/O0/rosetta_v06_01209_Rock-paper-scissors_rock-paper-scissors-1_sym.asm.json with 230 instructions.
Wrote data/build/linux/O0/rosetta_v06_01210_Roman-numerals-Decode_roman-numerals-decode_sym.asm.json with 184 instructions.
Wrote data/build/linux/O0/rosetta_v06_01211_Roman-numerals-Encode_roman-numerals-encode-1_sym.asm.json with 168 instructions.
Wrote data/build/linux/O0/rosetta_v06_01214_Roots-of-a-function_roots-of-a-function-1_sym.asm.json with 272 instructions.
Wrote data/build/linux/O0/rosetta_v06_01215_Roots-of-a-quadratic-function_roots-of-a-quadratic-function-2_sym.asm.json with 116 instructions.
Wrote data/build/linux/O0/rosetta_v06_01217_Roots-of-a-quadratic-function_roots-of-a-quadratic-function-1_sym.asm.json with 335 instructions.
Wrote data/build/linux/O0/rosetta_v06_01219_Roots-of-unity_roots-of-unity_sym.asm.json with 204 instructions.
Wrote data/build/linux/O0/rosetta_v06_01220_Rosetta-Code-Rank-languages-by-popularity_rosetta-code-rank-languages-by-popularity-1_sym.asm.json with 399 instructions.
Wrote data/build/linux/O0/rosetta_v06_01222_Rot-13_rot-13_sym.asm.json with 237 instructions.
Wrote data/build/linux/O0/rosetta_v06_01223_Run-length-encoding_run-length-encoding_sym.asm.json with 413 instructions.
Wrote data/build/linux/O0/rosetta_v06_01224_Runge-Kutta-method_runge-kutta-method_sym.asm.json with 292 instructions.
Wrote data/build/linux/O0/rosetta_v06_01225_S-expressions_s-expressions-1_sym.asm.json with 770 instructions.
Wrote data/build/linux/O0/rosetta_v06_01227_SEDOLs_sedols_sym.asm.json with 292 instructions.
Wrote data/build/linux/O0/rosetta_v06_01229_SHA-256_sha-256_sym.asm.json with 108 instructions.
Wrote data/build/linux/O0/rosetta_v06_01235_Safe-addition_safe-addition-1_sym.asm.json with 191 instructions.
Wrote data/build/linux/O0/rosetta_v06_01238_Safe-primes-and-unsafe-primes_safe-primes-and-unsafe-primes_sym.asm.json with 322 instructions.
Wrote data/build/linux/O0/rosetta_v06_01239_Sailors-coconuts-and-a-monkey-problem_sailors-coconuts-and-a-monkey-problem-1_sym.asm.json with 140 instructions.
Wrote data/build/linux/O0/rosetta_v06_01240_Sailors-coconuts-and-a-monkey-problem_sailors-coconuts-and-a-monkey-problem-2_sym.asm.json with 140 instructions.
Wrote data/build/linux/O0/rosetta_v06_01242_Scope-Function-names-and-labels_scope-function-names-and-labels_sym.asm.json with 181 instructions.
Wrote data/build/linux/O0/rosetta_v06_01243_Scope-modifiers_scope-modifiers-2_sym.asm.json with 60 instructions.
Wrote data/build/linux/O0/rosetta_v06_01244_Scope-modifiers_scope-modifiers-1_sym.asm.json with 80 instructions.
Wrote data/build/linux/O0/rosetta_v06_01245_Search-a-list_search-a-list_sym.asm.json with 207 instructions.
Wrote data/build/linux/O0/rosetta_v06_01246_Search-a-list-of-records_search-a-list-of-records_sym.asm.json with 331 instructions.
Wrote data/build/linux/O0/rosetta_v06_01247_Search-in-paragraphs-text_search-in-paragraphs-text_sym.asm.json with 291 instructions.
Wrote data/build/linux/O0/rosetta_v06_01248_Secure-temporary-file_secure-temporary-file-1_sym.asm.json with 90 instructions.
Wrote data/build/linux/O0/rosetta_v06_01250_Selectively-replace-multiple-instances-of-a-character-within-a-string_selectively-replace-multiple-instances-of-a-character-within-a-string_sym.asm.json with 172 instructions.
Wrote data/build/linux/O0/rosetta_v06_01251_Self-describing-numbers_self-describing-numbers-2_sym.asm.json with 436 instructions.
Wrote data/build/linux/O0/rosetta_v06_01255_Semiprime_semiprime_sym.asm.json with 137 instructions.
Wrote data/build/linux/O0/rosetta_v06_01256_Semordnilap_semordnilap_sym.asm.json with 409 instructions.
Wrote data/build/linux/O0/rosetta_v06_01258_Sequence-of-non-squares_sequence-of-non-squares_sym.asm.json with 158 instructions.
Wrote data/build/linux/O0/rosetta_v06_01259_Sequence-of-primes-by-trial-division_sequence-of-primes-by-trial-division_sym.asm.json with 155 instructions.
Wrote data/build/linux/O0/rosetta_v06_01261_Sequence:-nth-number-with-exactly-n-divisors_sequence:-nth-number-with-exactly-n-divisors_sym.asm.json with 373 instructions.
Wrote data/build/linux/O0/rosetta_v06_01262_Sequence:-smallest-number-greater-than-previous-term-with-exactly-n-divisors_sequence:-smallest-number-greater-than-previous-term-with-exactly-n-divisors_sym.asm.json with 138 instructions.
Wrote data/build/linux/O0/rosetta_v06_01263_Sequence:-smallest-number-with-exactly-n-divisors_sequence:-smallest-number-with-exactly-n-divisors_sym.asm.json with 165 instructions.
Wrote data/build/linux/O0/rosetta_v06_01264_Set_set_sym.asm.json with 234 instructions.
Wrote data/build/linux/O0/rosetta_v06_01265_Set-consolidation_set-consolidation-2_sym.asm.json with 534 instructions.
Wrote data/build/linux/O0/rosetta_v06_01266_Set-consolidation_set-consolidation-1_sym.asm.json with 227 instructions.
Wrote data/build/linux/O0/rosetta_v06_01267_Set-of-real-numbers_set-of-real-numbers_sym.asm.json with 738 instructions.
Wrote data/build/linux/O0/rosetta_v06_01268_Set-puzzle_set-puzzle_sym.asm.json with 491 instructions.
Wrote data/build/linux/O0/rosetta_v06_01272_Shoelace-formula-for-polygonal-area_shoelace-formula-for-polygonal-area_sym.asm.json with 244 instructions.
Wrote data/build/linux/O0/rosetta_v06_01273_Short-circuit-evaluation_short-circuit-evaluation_sym.asm.json with 199 instructions.
Wrote data/build/linux/O0/rosetta_v06_01274_Shortest-common-supersequence_shortest-common-supersequence_sym.asm.json with 463 instructions.
Wrote data/build/linux/O0/rosetta_v06_01275_Show-ASCII-table_show-ascii-table_sym.asm.json with 135 instructions.
Wrote data/build/linux/O0/rosetta_v06_01276_Show-the-epoch_show-the-epoch-1_sym.asm.json with 100 instructions.
Wrote data/build/linux/O0/rosetta_v06_01278_Sierpinski-arrowhead-curve_sierpinski-arrowhead-curve_sym.asm.json with 364 instructions.
Wrote data/build/linux/O0/rosetta_v06_01279_Sierpinski-carpet_sierpinski-carpet-1_sym.asm.json with 169 instructions.
Wrote data/build/linux/O0/rosetta_v06_01280_Sierpinski-carpet_sierpinski-carpet-3_sym.asm.json with 414 instructions.
Wrote data/build/linux/O0/rosetta_v06_01281_Sierpinski-carpet_sierpinski-carpet-2_sym.asm.json with 377 instructions.
Wrote data/build/linux/O0/rosetta_v06_01285_Sierpinski-triangle_sierpinski-triangle-2_sym.asm.json with 158 instructions.
Wrote data/build/linux/O0/rosetta_v06_01286_Sierpinski-triangle_sierpinski-triangle-1_sym.asm.json with 118 instructions.
Wrote data/build/linux/O0/rosetta_v06_01287_Sierpinski-triangle-Graphical_sierpinski-triangle-graphical_sym.asm.json with 582 instructions.
Wrote data/build/linux/O0/rosetta_v06_01288_Sieve-of-Eratosthenes_sieve-of-eratosthenes-1_sym.asm.json with 140 instructions.
Wrote data/build/linux/O0/rosetta_v06_01289_Sieve-of-Eratosthenes_sieve-of-eratosthenes-2_sym.asm.json with 221 instructions.
Wrote data/build/linux/O0/rosetta_v06_01291_Simple-database_simple-database_sym.asm.json with 919 instructions.
Wrote data/build/linux/O0/rosetta_v06_01296_Singleton_singleton-1_sym.asm.json with 60 instructions.
Wrote data/build/linux/O0/rosetta_v06_01299_Singly-linked-list-Element-definition_singly-linked-list-element-definition_sym.asm.json with 60 instructions.
Wrote data/build/linux/O0/rosetta_v06_01307_Sleep_sleep_sym.asm.json with 103 instructions.
Wrote data/build/linux/O0/rosetta_v06_01309_Smarandache-prime-digital-sequence_smarandache-prime-digital-sequence_sym.asm.json with 300 instructions.
Wrote data/build/linux/O0/rosetta_v06_01310_Smith-numbers_smith-numbers_sym.asm.json with 279 instructions.
Wrote data/build/linux/O0/rosetta_v06_01311_Snake_snake_sym.asm.json with 526 instructions.
Wrote data/build/linux/O0/rosetta_v06_01312_Sockets_sockets_sym.asm.json with 169 instructions.
Wrote data/build/linux/O0/rosetta_v06_01314_Soloways-recurring-rainfall_soloways-recurring-rainfall_sym.asm.json with 174 instructions.
Wrote data/build/linux/O0/rosetta_v06_01315_Solve-a-Hidato-puzzle_solve-a-hidato-puzzle_sym.asm.json with 646 instructions.
Wrote data/build/linux/O0/rosetta_v06_01317_Sort-a-list-of-object-identifiers_sort-a-list-of-object-identifiers_sym.asm.json with 439 instructions.
Wrote data/build/linux/O0/rosetta_v06_01319_Sort-an-integer-array_sort-an-integer-array_sym.asm.json with 133 instructions.
Wrote data/build/linux/O0/rosetta_v06_01320_Sort-disjoint-sublist_sort-disjoint-sublist_sym.asm.json with 285 instructions.
Wrote data/build/linux/O0/rosetta_v06_01321_Sort-numbers-lexicographically_sort-numbers-lexicographically_sym.asm.json with 312 instructions.
Wrote data/build/linux/O0/rosetta_v06_01322_Sort-three-variables_sort-three-variables-2_sym.asm.json with 123 instructions.
Wrote data/build/linux/O0/rosetta_v06_01323_Sort-three-variables_sort-three-variables-1_sym.asm.json with 381 instructions.
Wrote data/build/linux/O0/rosetta_v06_01324_Sort-using-a-custom-comparator_sort-using-a-custom-comparator_sym.asm.json with 147 instructions.
Wrote data/build/linux/O0/rosetta_v06_01325_Sorting-Algorithms-Circle-Sort_sorting-algorithms-circle-sort_sym.asm.json with 200 instructions.
Wrote data/build/linux/O0/rosetta_v06_01326_Sorting-algorithms-Bead-sort_sorting-algorithms-bead-sort_sym.asm.json with 265 instructions.
Wrote data/build/linux/O0/rosetta_v06_01327_Sorting-algorithms-Bogosort_sorting-algorithms-bogosort_sym.asm.json with 209 instructions.
Wrote data/build/linux/O0/rosetta_v06_01328_Sorting-algorithms-Bubble-sort_sorting-algorithms-bubble-sort_sym.asm.json with 196 instructions.
Wrote data/build/linux/O0/rosetta_v06_01329_Sorting-algorithms-Cocktail-sort_sorting-algorithms-cocktail-sort-1_sym.asm.json with 219 instructions.
Wrote data/build/linux/O0/rosetta_v06_01330_Sorting-algorithms-Cocktail-sort_sorting-algorithms-cocktail-sort-3_sym.asm.json with 299 instructions.
Wrote data/build/linux/O0/rosetta_v06_01332_Sorting-algorithms-Cocktail-sort-with-shifting-bounds_sorting-algorithms-cocktail-sort-with-shifting-bounds_sym.asm.json with 297 instructions.
Wrote data/build/linux/O0/rosetta_v06_01333_Sorting-algorithms-Comb-sort_sorting-algorithms-comb-sort_sym.asm.json with 149 instructions.
Wrote data/build/linux/O0/rosetta_v06_01334_Sorting-algorithms-Counting-sort_sorting-algorithms-counting-sort-1_sym.asm.json with 211 instructions.
Wrote data/build/linux/O0/rosetta_v06_01336_Sorting-algorithms-Gnome-sort_sorting-algorithms-gnome-sort_sym.asm.json with 126 instructions.
Wrote data/build/linux/O0/rosetta_v06_01337_Sorting-algorithms-Heapsort_sorting-algorithms-heapsort_sym.asm.json with 303 instructions.
Wrote data/build/linux/O0/rosetta_v06_01338_Sorting-algorithms-Insertion-sort_sorting-algorithms-insertion-sort_sym.asm.json with 181 instructions.
Wrote data/build/linux/O0/rosetta_v06_01339_Sorting-algorithms-Merge-sort_sorting-algorithms-merge-sort-1_sym.asm.json with 283 instructions.
Wrote data/build/linux/O0/rosetta_v06_01340_Sorting-algorithms-Merge-sort_sorting-algorithms-merge-sort-2_sym.asm.json with 355 instructions.
Wrote data/build/linux/O0/rosetta_v06_01342_Sorting-algorithms-Pancake-sort_sorting-algorithms-pancake-sort-2_sym.asm.json with 102 instructions.
Wrote data/build/linux/O0/rosetta_v06_01344_Sorting-algorithms-Patience-sort_sorting-algorithms-patience-sort_sym.asm.json with 445 instructions.
Wrote data/build/linux/O0/rosetta_v06_01345_Sorting-algorithms-Permutation-sort_sorting-algorithms-permutation-sort_sym.asm.json with 267 instructions.
Wrote data/build/linux/O0/rosetta_v06_01346_Sorting-algorithms-Quicksort_sorting-algorithms-quicksort-2_sym.asm.json with 190 instructions.
Wrote data/build/linux/O0/rosetta_v06_01347_Sorting-algorithms-Quicksort_sorting-algorithms-quicksort-1_sym.asm.json with 217 instructions.
Wrote data/build/linux/O0/rosetta_v06_01348_Sorting-algorithms-Radix-sort_sorting-algorithms-radix-sort_sym.asm.json with 275 instructions.
Wrote data/build/linux/O0/rosetta_v06_01349_Sorting-algorithms-Selection-sort_sorting-algorithms-selection-sort_sym.asm.json with 195 instructions.
Wrote data/build/linux/O0/rosetta_v06_01350_Sorting-algorithms-Shell-sort_sorting-algorithms-shell-sort_sym.asm.json with 202 instructions.
Wrote data/build/linux/O0/rosetta_v06_01353_Sorting-algorithms-Stooge-sort_sorting-algorithms-stooge-sort_sym.asm.json with 208 instructions.
Wrote data/build/linux/O0/rosetta_v06_01355_Sorting-algorithms-Strand-sort_sorting-algorithms-strand-sort-1_sym.asm.json with 410 instructions.
Wrote data/build/linux/O0/rosetta_v06_01356_Soundex_soundex_sym.asm.json with 287 instructions.
Wrote data/build/linux/O0/rosetta_v06_01357_Sparkline-in-unicode_sparkline-in-unicode_sym.asm.json with 303 instructions.
Wrote data/build/linux/O0/rosetta_v06_01358_Speech-synthesis_speech-synthesis_sym.asm.json with 145 instructions.
Wrote data/build/linux/O0/rosetta_v06_01360_Sphenic-numbers_sphenic-numbers_sym.asm.json with 720 instructions.
Wrote data/build/linux/O0/rosetta_v06_01361_Spinning-rod-animation-Text_spinning-rod-animation-text_sym.asm.json with 163 instructions.
Wrote data/build/linux/O0/rosetta_v06_01362_Spiral-matrix_spiral-matrix-2_sym.asm.json with 153 instructions.
Wrote data/build/linux/O0/rosetta_v06_01363_Spiral-matrix_spiral-matrix-1_sym.asm.json with 292 instructions.
Wrote data/build/linux/O0/rosetta_v06_01364_Split-a-character-string-based-on-change-of-character_split-a-character-string-based-on-change-of-character-1_sym.asm.json with 159 instructions.
Wrote data/build/linux/O0/rosetta_v06_01365_Split-a-character-string-based-on-change-of-character_split-a-character-string-based-on-change-of-character-2_sym.asm.json with 156 instructions.
Wrote data/build/linux/O0/rosetta_v06_01366_Square-but-not-cube_square-but-not-cube_sym.asm.json with 120 instructions.
Wrote data/build/linux/O0/rosetta_v06_01367_Square-form-factorization_square-form-factorization-1_sym.asm.json with 489 instructions.
Wrote data/build/linux/O0/rosetta_v06_01368_Square-form-factorization_square-form-factorization-2_sym.asm.json with 517 instructions.
Wrote data/build/linux/O0/rosetta_v06_01370_Stable-marriage-problem_stable-marriage-problem_sym.asm.json with 525 instructions.
Wrote data/build/linux/O0/rosetta_v06_01371_Stack_stack-1_sym.asm.json with 326 instructions.
Wrote data/build/linux/O0/rosetta_v06_01372_Stack_stack-2_sym.asm.json with 273 instructions.
Wrote data/build/linux/O0/rosetta_v06_01374_Stack-traces_stack-traces-1_sym.asm.json with 153 instructions.
Wrote data/build/linux/O0/rosetta_v06_01379_Start-from-a-main-routine_start-from-a-main-routine_sym.asm.json with 85 instructions.
Wrote data/build/linux/O0/rosetta_v06_01380_State-name-puzzle_state-name-puzzle_sym.asm.json with 478 instructions.
Wrote data/build/linux/O0/rosetta_v06_01381_Statistics-Basic_statistics-basic_sym.asm.json with 530 instructions.
Wrote data/build/linux/O0/rosetta_v06_01382_Statistics-Normal-distribution_statistics-normal-distribution_sym.asm.json with 473 instructions.
Wrote data/build/linux/O0/rosetta_v06_01383_Steffensens-method_steffensens-method_sym.asm.json with 333 instructions.
Wrote data/build/linux/O0/rosetta_v06_01385_Stem-and-leaf-plot_stem-and-leaf-plot-1_sym.asm.json with 209 instructions.
Wrote data/build/linux/O0/rosetta_v06_01386_Stern-Brocot-sequence_stern-brocot-sequence-1_sym.asm.json with 229 instructions.
Wrote data/build/linux/O0/rosetta_v06_01388_Stirling-numbers-of-the-first-kind_stirling-numbers-of-the-first-kind_sym.asm.json with 321 instructions.
Wrote data/build/linux/O0/rosetta_v06_01389_Stirling-numbers-of-the-second-kind_stirling-numbers-of-the-second-kind_sym.asm.json with 321 instructions.
Wrote data/build/linux/O0/rosetta_v06_01391_Straddling-checkerboard_straddling-checkerboard-2_sym.asm.json with 511 instructions.
Wrote data/build/linux/O0/rosetta_v06_01393_Stream-merge_stream-merge_sym.asm.json with 244 instructions.
Wrote data/build/linux/O0/rosetta_v06_01394_String-append_string-append_sym.asm.json with 139 instructions.
Wrote data/build/linux/O0/rosetta_v06_01395_String-case_string-case_sym.asm.json with 186 instructions.
Wrote data/build/linux/O0/rosetta_v06_01396_String-comparison_string-comparison-2_sym.asm.json with 274 instructions.
Wrote data/build/linux/O0/rosetta_v06_01398_String-concatenation_string-concatenation-1_sym.asm.json with 159 instructions.
Wrote data/build/linux/O0/rosetta_v06_01400_String-interpolation-included-_string-interpolation-included-_sym.asm.json with 90 instructions.
Wrote data/build/linux/O0/rosetta_v06_01401_String-length_string-length-1_sym.asm.json with 88 instructions.
Wrote data/build/linux/O0/rosetta_v06_01402_String-length_string-length-3_sym.asm.json with 80 instructions.
Wrote data/build/linux/O0/rosetta_v06_01403_String-length_string-length-4_sym.asm.json with 102 instructions.
Wrote data/build/linux/O0/rosetta_v06_01404_String-length_string-length-5_sym.asm.json with 110 instructions.
Wrote data/build/linux/O0/rosetta_v06_01406_String-matching_string-matching-2_sym.asm.json with 189 instructions.
Wrote data/build/linux/O0/rosetta_v06_01407_String-matching_string-matching-1_sym.asm.json with 200 instructions.
Wrote data/build/linux/O0/rosetta_v06_01408_String-prepend_string-prepend_sym.asm.json with 125 instructions.
Wrote data/build/linux/O0/rosetta_v06_01409_Strip-a-set-of-characters-from-a-string_strip-a-set-of-characters-from-a-string-2_sym.asm.json with 167 instructions.
Wrote data/build/linux/O0/rosetta_v06_01410_Strip-a-set-of-characters-from-a-string_strip-a-set-of-characters-from-a-string-1_sym.asm.json with 150 instructions.
Wrote data/build/linux/O0/rosetta_v06_01411_Strip-block-comments_strip-block-comments_sym.asm.json with 245 instructions.
Wrote data/build/linux/O0/rosetta_v06_01412_Strip-comments-from-a-string_strip-comments-from-a-string_sym.asm.json with 147 instructions.
Wrote data/build/linux/O0/rosetta_v06_01414_Strip-control-codes-and-extended-characters-from-a-string_strip-control-codes-and-extended-characters-from-a-string-2_sym.asm.json with 247 instructions.
Wrote data/build/linux/O0/rosetta_v06_01415_Strip-control-codes-and-extended-characters-from-a-string_strip-control-codes-and-extended-characters-from-a-string-1_sym.asm.json with 352 instructions.
Wrote data/build/linux/O0/rosetta_v06_01416_Strip-whitespace-from-a-string-Top-and-tail_strip-whitespace-from-a-string-top-and-tail_sym.asm.json with 231 instructions.
Wrote data/build/linux/O0/rosetta_v06_01417_Strong-and-weak-primes_strong-and-weak-primes_sym.asm.json with 395 instructions.
Wrote data/build/linux/O0/rosetta_v06_01418_Subleq_subleq_sym.asm.json with 264 instructions.
Wrote data/build/linux/O0/rosetta_v06_01421_Substring_substring-3_sym.asm.json with 300 instructions.
Wrote data/build/linux/O0/rosetta_v06_01423_Substring-Top-and-tail_substring-top-and-tail_sym.asm.json with 167 instructions.
Wrote data/build/linux/O0/rosetta_v06_01424_Subtractive-generator_subtractive-generator_sym.asm.json with 201 instructions.
Wrote data/build/linux/O0/rosetta_v06_01425_Successive-prime-differences_successive-prime-differences_sym.asm.json with 483 instructions.
Wrote data/build/linux/O0/rosetta_v06_01426_Sudan-function_sudan-function_sym.asm.json with 134 instructions.
Wrote data/build/linux/O0/rosetta_v06_01427_Sudoku_sudoku_sym.asm.json with 396 instructions.
Wrote data/build/linux/O0/rosetta_v06_01430_Sum-digits-of-an-integer_sum-digits-of-an-integer_sym.asm.json with 145 instructions.
Wrote data/build/linux/O0/rosetta_v06_01432_Sum-multiples-of-3-and-5_sum-multiples-of-3-and-5-1_sym.asm.json with 147 instructions.
Wrote data/build/linux/O0/rosetta_v06_01433_Sum-of-a-series_sum-of-a-series_sym.asm.json with 109 instructions.
Wrote data/build/linux/O0/rosetta_v06_01434_Sum-of-elements-below-main-diagonal-of-matrix_sum-of-elements-below-main-diagonal-of-matrix_sym.asm.json with 291 instructions.
Wrote data/build/linux/O0/rosetta_v06_01435_Sum-of-squares_sum-of-squares_sym.asm.json with 154 instructions.
Wrote data/build/linux/O0/rosetta_v06_01436_Sum-to-100_sum-to-100-1_sym.asm.json with 477 instructions.
Wrote data/build/linux/O0/rosetta_v06_01437_Sum-to-100_sum-to-100-2_sym.asm.json with 358 instructions.
Wrote data/build/linux/O0/rosetta_v06_01439_Summarize-primes_summarize-primes_sym.asm.json with 180 instructions.
Wrote data/build/linux/O0/rosetta_v06_01442_Superpermutation-minimisation_superpermutation-minimisation_sym.asm.json with 254 instructions.
Wrote data/build/linux/O0/rosetta_v06_01445_Symmetric-difference_symmetric-difference-1_sym.asm.json with 292 instructions.
Wrote data/build/linux/O0/rosetta_v06_01447_System-time_system-time_sym.asm.json with 100 instructions.
Wrote data/build/linux/O0/rosetta_v06_01449_Take-notes-on-the-command-line_take-notes-on-the-command-line_sym.asm.json with 190 instructions.
Wrote data/build/linux/O0/rosetta_v06_01450_Tarjan_tarjan_sym.asm.json with 563 instructions.
Wrote data/build/linux/O0/rosetta_v06_01451_Tau-function_tau-function_sym.asm.json with 164 instructions.
Wrote data/build/linux/O0/rosetta_v06_01452_Tau-number_tau-number_sym.asm.json with 174 instructions.
Wrote data/build/linux/O0/rosetta_v06_01453_Taxicab-numbers_taxicab-numbers_sym.asm.json with 411 instructions.
Wrote data/build/linux/O0/rosetta_v06_01455_Temperature-conversion_temperature-conversion_sym.asm.json with 165 instructions.
Wrote data/build/linux/O0/rosetta_v06_01457_Terminal-control-Clear-the-screen_terminal-control-clear-the-screen-2_sym.asm.json with 95 instructions.
Wrote data/build/linux/O0/rosetta_v06_01458_Terminal-control-Coloured-text_terminal-control-coloured-text_sym.asm.json with 167 instructions.
Wrote data/build/linux/O0/rosetta_v06_01460_Terminal-control-Cursor-positioning_terminal-control-cursor-positioning-1_sym.asm.json with 84 instructions.
Wrote data/build/linux/O0/rosetta_v06_01462_Terminal-control-Dimensions_terminal-control-dimensions-1_sym.asm.json with 141 instructions.
Wrote data/build/linux/O0/rosetta_v06_01464_Terminal-control-Display-an-extended-character_terminal-control-display-an-extended-character_sym.asm.json with 87 instructions.
Wrote data/build/linux/O0/rosetta_v06_01465_Terminal-control-Hiding-the-cursor_terminal-control-hiding-the-cursor_sym.asm.json with 92 instructions.
Wrote data/build/linux/O0/rosetta_v06_01466_Terminal-control-Inverse-video_terminal-control-inverse-video_sym.asm.json with 84 instructions.
Wrote data/build/linux/O0/rosetta_v06_01468_Terminal-control-Preserve-screen_terminal-control-preserve-screen_sym.asm.json with 118 instructions.
Wrote data/build/linux/O0/rosetta_v06_01469_Terminal-control-Ringing-the-terminal-bell_terminal-control-ringing-the-terminal-bell_sym.asm.json with 83 instructions.
Wrote data/build/linux/O0/rosetta_v06_01470_Terminal-control-Unicode-output_terminal-control-unicode-output_sym.asm.json with 145 instructions.
Wrote data/build/linux/O0/rosetta_v06_01471_Ternary-logic_ternary-logic-2_sym.asm.json with 238 instructions.
Wrote data/build/linux/O0/rosetta_v06_01473_Ternary-logic_ternary-logic-1_sym.asm.json with 180 instructions.
Wrote data/build/linux/O0/rosetta_v06_01475_Test-integerness_test-integerness_sym.asm.json with 556 instructions.
Wrote data/build/linux/O0/rosetta_v06_01476_Text-processing-1_text-processing-1_sym.asm.json with 343 instructions.
Wrote data/build/linux/O0/rosetta_v06_01477_Text-processing-2_text-processing-2_sym.asm.json with 500 instructions.
Wrote data/build/linux/O0/rosetta_v06_01478_Text-processing-Max-licenses-in-use_text-processing-max-licenses-in-use-1_sym.asm.json with 222 instructions.
Wrote data/build/linux/O0/rosetta_v06_01480_Text-processing-Max-licenses-in-use_text-processing-max-licenses-in-use-2_sym.asm.json with 227 instructions.
Wrote data/build/linux/O0/rosetta_v06_01483_The-Twelve-Days-of-Christmas_the-twelve-days-of-christmas_sym.asm.json with 178 instructions.
Wrote data/build/linux/O0/rosetta_v06_01484_The-sieve-of-Sundaram_the-sieve-of-sundaram_sym.asm.json with 261 instructions.
Wrote data/build/linux/O0/rosetta_v06_01485_Thieles-interpolation-formula_thieles-interpolation-formula_sym.asm.json with 400 instructions.
Wrote data/build/linux/O0/rosetta_v06_01486_Thue-Morse_thue-morse-3_sym.asm.json with 151 instructions.
Wrote data/build/linux/O0/rosetta_v06_01487_Thue-Morse_thue-morse-1_sym.asm.json with 133 instructions.
Wrote data/build/linux/O0/rosetta_v06_01488_Thue-Morse_thue-morse-2_sym.asm.json with 110 instructions.
Wrote data/build/linux/O0/rosetta_v06_01489_Tic-tac-toe_tic-tac-toe_sym.asm.json with 588 instructions.
Wrote data/build/linux/O0/rosetta_v06_01490_Time-a-function_time-a-function_sym.asm.json with 161 instructions.
Wrote data/build/linux/O0/rosetta_v06_01491_Tokenize-a-string_tokenize-a-string-1_sym.asm.json with 144 instructions.
Wrote data/build/linux/O0/rosetta_v06_01492_Tokenize-a-string_tokenize-a-string-2_sym.asm.json with 157 instructions.
Wrote data/build/linux/O0/rosetta_v06_01493_Tokenize-a-string-with-escaping_tokenize-a-string-with-escaping_sym.asm.json with 259 instructions.
Wrote data/build/linux/O0/rosetta_v06_01494_Tonelli-Shanks-algorithm_tonelli-shanks-algorithm-2_sym.asm.json with 557 instructions.
Wrote data/build/linux/O0/rosetta_v06_01495_Tonelli-Shanks-algorithm_tonelli-shanks-algorithm-1_sym.asm.json with 362 instructions.
Wrote data/build/linux/O0/rosetta_v06_01496_Top-rank-per-group_top-rank-per-group_sym.asm.json with 203 instructions.
Wrote data/build/linux/O0/rosetta_v06_01498_Topological-sort_topological-sort-1_sym.asm.json with 504 instructions.
Wrote data/build/linux/O0/rosetta_v06_01499_Topswops_topswops-1_sym.asm.json with 259 instructions.
Wrote data/build/linux/O0/rosetta_v06_01500_Topswops_topswops-2_sym.asm.json with 1549 instructions.
Wrote data/build/linux/O0/rosetta_v06_01501_Total-circles-area_total-circles-area-1_sym.asm.json with 409 instructions.
Wrote data/build/linux/O0/rosetta_v06_01503_Totient-function_totient-function_sym.asm.json with 196 instructions.
Wrote data/build/linux/O0/rosetta_v06_01504_Towers-of-Hanoi_towers-of-hanoi-1_sym.asm.json with 127 instructions.
Wrote data/build/linux/O0/rosetta_v06_01505_Towers-of-Hanoi_towers-of-hanoi-2_sym.asm.json with 323 instructions.
Wrote data/build/linux/O0/rosetta_v06_01506_Trabb-Pardo-Knuth-algorithm_trabb-pardo-knuth-algorithm_sym.asm.json with 171 instructions.
Wrote data/build/linux/O0/rosetta_v06_01507_Tree-traversal_tree-traversal_sym.asm.json with 462 instructions.
Wrote data/build/linux/O0/rosetta_v06_01508_Trigonometric-functions_trigonometric-functions_sym.asm.json with 221 instructions.
Wrote data/build/linux/O0/rosetta_v06_01510_Truncatable-primes_truncatable-primes-3_sym.asm.json with 232 instructions.
Wrote data/build/linux/O0/rosetta_v06_01511_Truncatable-primes_truncatable-primes-1_sym.asm.json with 249 instructions.
Wrote data/build/linux/O0/rosetta_v06_01515_Twin-primes_twin-primes_sym.asm.json with 311 instructions.
Wrote data/build/linux/O0/rosetta_v06_01516_Two-bullet-roulette_two-bullet-roulette_sym.asm.json with 349 instructions.
Wrote data/build/linux/O0/rosetta_v06_01518_UPC_upc_sym.asm.json with 1081 instructions.
Wrote data/build/linux/O0/rosetta_v06_01521_UTF-8-encode-and-decode_utf-8-encode-and-decode-1_sym.asm.json with 350 instructions.
Wrote data/build/linux/O0/rosetta_v06_01523_Ulam-spiral-for-primes-_ulam-spiral-for-primes--1_sym.asm.json with 431 instructions.
Wrote data/build/linux/O0/rosetta_v06_01524_Ulam-spiral-for-primes-_ulam-spiral-for-primes--2_sym.asm.json with 210 instructions.
Wrote data/build/linux/O0/rosetta_v06_01526_Unbias-a-random-generator_unbias-a-random-generator_sym.asm.json with 174 instructions.
Wrote data/build/linux/O0/rosetta_v06_01527_Undefined-values_undefined-values_sym.asm.json with 103 instructions.
Wrote data/build/linux/O0/rosetta_v06_01528_Unicode-strings_unicode-strings_sym.asm.json with 118 instructions.
Wrote data/build/linux/O0/rosetta_v06_01529_Unicode-variable-names_unicode-variable-names_sym.asm.json with 90 instructions.
Wrote data/build/linux/O0/rosetta_v06_01530_Universal-Turing-machine_universal-turing-machine_sym.asm.json with 955 instructions.
Wrote data/build/linux/O0/rosetta_v06_01531_Unix-ls_unix-ls_sym.asm.json with 256 instructions.
Wrote data/build/linux/O0/rosetta_v06_01532_Unprimeable-numbers_unprimeable-numbers_sym.asm.json with 586 instructions.
Wrote data/build/linux/O0/rosetta_v06_01533_Untouchable-numbers_untouchable-numbers_sym.asm.json with 398 instructions.
Wrote data/build/linux/O0/rosetta_v06_01534_Update-a-configuration-file_update-a-configuration-file_sym.asm.json with 354 instructions.
Wrote data/build/linux/O0/rosetta_v06_01536_Use-another-language-to-call-a-function_use-another-language-to-call-a-function-2_sym.asm.json with 95 instructions.
Wrote data/build/linux/O0/rosetta_v06_01539_User-input-Text_user-input-text-1_sym.asm.json with 112 instructions.
Wrote data/build/linux/O0/rosetta_v06_01541_Validate-International-Securities-Identification-Number_validate-international-securities-identification-number_sym.asm.json with 264 instructions.
Wrote data/build/linux/O0/rosetta_v06_01543_Van-Eck-sequence_van-eck-sequence_sym.asm.json with 178 instructions.
Wrote data/build/linux/O0/rosetta_v06_01544_Van-der-Corput-sequence_van-der-corput-sequence_sym.asm.json with 185 instructions.
Wrote data/build/linux/O0/rosetta_v06_01545_Variable-declaration-reset_variable-declaration-reset_sym.asm.json with 135 instructions.
Wrote data/build/linux/O0/rosetta_v06_01546_Variable-length-quantity_variable-length-quantity-1_sym.asm.json with 219 instructions.
Wrote data/build/linux/O0/rosetta_v06_01549_Variable-size-Set_variable-size-set-2_sym.asm.json with 60 instructions.
Wrote data/build/linux/O0/rosetta_v06_01550_Variable-size-Set_variable-size-set-3_sym.asm.json with 60 instructions.
Wrote data/build/linux/O0/rosetta_v06_01551_Variable-size-Set_variable-size-set-1_sym.asm.json with 60 instructions.
Wrote data/build/linux/O0/rosetta_v06_01552_Variables_variables-2_sym.asm.json with 60 instructions.
Wrote data/build/linux/O0/rosetta_v06_01553_Variables_variables-4_sym.asm.json with 60 instructions.
Wrote data/build/linux/O0/rosetta_v06_01554_Variables_variables-1_sym.asm.json with 60 instructions.
Wrote data/build/linux/O0/rosetta_v06_01556_Variables_variables-5_sym.asm.json with 60 instructions.
Wrote data/build/linux/O0/rosetta_v06_01558_Vector_vector_sym.asm.json with 355 instructions.
Wrote data/build/linux/O0/rosetta_v06_01559_Vector-products_vector-products_sym.asm.json with 353 instructions.
Wrote data/build/linux/O0/rosetta_v06_01560_Verhoeff-algorithm_verhoeff-algorithm_sym.asm.json with 338 instructions.
Wrote data/build/linux/O0/rosetta_v06_01563_Verify-distribution-uniformity-Chi-squared-test_verify-distribution-uniformity-chi-squared-test-1_sym.asm.json with 336 instructions.
Wrote data/build/linux/O0/rosetta_v06_01565_Vigen-re-cipher_vigen-re-cipher_sym.asm.json with 464 instructions.
Wrote data/build/linux/O0/rosetta_v06_01566_Vigen-re-cipher-Cryptanalysis_vigen-re-cipher-cryptanalysis_sym.asm.json with 421 instructions.
Wrote data/build/linux/O0/rosetta_v06_01567_Visualize-a-tree_visualize-a-tree_sym.asm.json with 189 instructions.
Wrote data/build/linux/O0/rosetta_v06_01572_Walk-a-directory-Non-recursively_walk-a-directory-non-recursively_sym.asm.json with 156 instructions.
Wrote data/build/linux/O0/rosetta_v06_01573_Walk-a-directory-Recursively_walk-a-directory-recursively-2_sym.asm.json with 228 instructions.
Wrote data/build/linux/O0/rosetta_v06_01574_Walk-a-directory-Recursively_walk-a-directory-recursively-1_sym.asm.json with 357 instructions.
Wrote data/build/linux/O0/rosetta_v06_01576_Water-collected-between-towers_water-collected-between-towers_sym.asm.json with 325 instructions.
Wrote data/build/linux/O0/rosetta_v06_01578_Weird-numbers_weird-numbers_sym.asm.json with 428 instructions.
Wrote data/build/linux/O0/rosetta_v06_01579_Wieferich-primes_wieferich-primes_sym.asm.json with 209 instructions.
Wrote data/build/linux/O0/rosetta_v06_01586_Window-creation-X11_window-creation-x11-2_sym.asm.json with 247 instructions.
Wrote data/build/linux/O0/rosetta_v06_01588_Wireworld_wireworld_sym.asm.json with 303 instructions.
Wrote data/build/linux/O0/rosetta_v06_01590_Word-wheel_word-wheel_sym.asm.json with 274 instructions.
Wrote data/build/linux/O0/rosetta_v06_01591_Word-wrap_word-wrap-1_sym.asm.json with 613 instructions.
Wrote data/build/linux/O0/rosetta_v06_01592_Word-wrap_word-wrap-2_sym.asm.json with 167 instructions.
Wrote data/build/linux/O0/rosetta_v06_01593_World-Cup-group-stage_world-cup-group-stage_sym.asm.json with 386 instructions.
Wrote data/build/linux/O0/rosetta_v06_01594_Write-entire-file_write-entire-file-2_sym.asm.json with 173 instructions.
Wrote data/build/linux/O0/rosetta_v06_01595_Write-entire-file_write-entire-file-1_sym.asm.json with 97 instructions.
Wrote data/build/linux/O0/rosetta_v06_01597_Write-float-arrays-to-a-text-file_write-float-arrays-to-a-text-file-1_sym.asm.json with 140 instructions.
Wrote data/build/linux/O0/rosetta_v06_01599_Write-language-name-in-3D-ASCII_write-language-name-in-3d-ascii_sym.asm.json with 84 instructions.
Wrote data/build/linux/O0/rosetta_v06_01600_Write-to-Windows-event-log_write-to-windows-event-log_sym.asm.json with 122 instructions.
Wrote data/build/linux/O0/rosetta_v06_01615_Y-combinator_y-combinator_sym.asm.json with 285 instructions.
Wrote data/build/linux/O0/rosetta_v06_01617_Yin-and-yang_yin-and-yang_sym.asm.json with 115 instructions.
Wrote data/build/linux/O0/rosetta_v06_01618_Zebra-puzzle_zebra-puzzle-1_sym.asm.json with 1743 instructions.
Wrote data/build/linux/O0/rosetta_v06_01621_Zeckendorf-number-representation_zeckendorf-number-representation_sym.asm.json with 185 instructions.
Wrote data/build/linux/O0/rosetta_v06_01622_Zero-to-the-zero-power_zero-to-the-zero-power_sym.asm.json with 100 instructions.
Wrote data/build/linux/O0/rosetta_v06_01623_Zhang-Suen-thinning-algorithm_zhang-suen-thinning-algorithm_sym.asm.json with 1028 instructions.
Wrote data/build/linux/O0/rosetta_v06_01624_Zig-zag-matrix_zig-zag-matrix_sym.asm.json with 195 instructions.
Wrote data/build/linux/O0/sort_sym.asm.json with 184 instructions.
Wrote data/build/linux/O1/hello_sym.asm.json with 85 instructions.
Wrote data/build/linux/O1/mathlib_sym.asm.json with 91 instructions.
Wrote data/build/linux/O1/rosetta_v06_00000_100-doors_100-doors-5_sym.asm.json with 117 instructions.
Wrote data/build/linux/O1/rosetta_v06_00001_100-doors_100-doors-1_sym.asm.json with 138 instructions.
Wrote data/build/linux/O1/rosetta_v06_00002_100-doors_100-doors-6_sym.asm.json with 96 instructions.
Wrote data/build/linux/O1/rosetta_v06_00003_100-doors_100-doors-2_sym.asm.json with 138 instructions.
Wrote data/build/linux/O1/rosetta_v06_00004_100-doors_100-doors-4_sym.asm.json with 118 instructions.
Wrote data/build/linux/O1/rosetta_v06_00005_100-doors_100-doors-3_sym.asm.json with 137 instructions.
Wrote data/build/linux/O1/rosetta_v06_00006_100-prisoners_100-prisoners_sym.asm.json with 419 instructions.
Wrote data/build/linux/O1/rosetta_v06_00007_15-puzzle-game_15-puzzle-game-3_sym.asm.json with 338 instructions.
Wrote data/build/linux/O1/rosetta_v06_00008_15-puzzle-game_15-puzzle-game-1_sym.asm.json with 327 instructions.
Wrote data/build/linux/O1/rosetta_v06_00009_15-puzzle-game_15-puzzle-game-2_sym.asm.json with 327 instructions.
Wrote data/build/linux/O1/rosetta_v06_00011_2048_2048-2_sym.asm.json with 570 instructions.
Wrote data/build/linux/O1/rosetta_v06_00012_2048_2048-1_sym.asm.json with 711 instructions.
Wrote data/build/linux/O1/rosetta_v06_00013_21-game_21-game_sym.asm.json with 227 instructions.
Wrote data/build/linux/O1/rosetta_v06_00014_24-game_24-game_sym.asm.json with 595 instructions.
Wrote data/build/linux/O1/rosetta_v06_00015_24-game-Solve_24-game-solve_sym.asm.json with 419 instructions.
Wrote data/build/linux/O1/rosetta_v06_00018_99-bottles-of-beer_99-bottles-of-beer-2_sym.asm.json with 136 instructions.
Wrote data/build/linux/O1/rosetta_v06_00020_99-bottles-of-beer_99-bottles-of-beer-1_sym.asm.json with 101 instructions.
Wrote data/build/linux/O1/rosetta_v06_00022_99-bottles-of-beer_99-bottles-of-beer-4_sym.asm.json with 83 instructions.
Wrote data/build/linux/O1/rosetta_v06_00023_A+B_a+b-3_sym.asm.json with 103 instructions.
Wrote data/build/linux/O1/rosetta_v06_00024_A+B_a+b-2_sym.asm.json with 106 instructions.
Wrote data/build/linux/O1/rosetta_v06_00025_A+B_a+b-1_sym.asm.json with 95 instructions.
Wrote data/build/linux/O1/rosetta_v06_00026_ABC-problem_abc-problem_sym.asm.json with 219 instructions.
Wrote data/build/linux/O1/rosetta_v06_00027_AKS-test-for-primes_aks-test-for-primes_sym.asm.json with 228 instructions.
Wrote data/build/linux/O1/rosetta_v06_00028_ASCII-art-diagram-converter_ascii-art-diagram-converter_sym.asm.json with 363 instructions.
Wrote data/build/linux/O1/rosetta_v06_00029_Abbreviations-automatic_abbreviations-automatic_sym.asm.json with 283 instructions.
Wrote data/build/linux/O1/rosetta_v06_00030_Abbreviations-easy_abbreviations-easy_sym.asm.json with 483 instructions.
Wrote data/build/linux/O1/rosetta_v06_00031_Abbreviations-simple_abbreviations-simple_sym.asm.json with 487 instructions.
Wrote data/build/linux/O1/rosetta_v06_00032_Abelian-sandpile-model_abelian-sandpile-model_sym.asm.json with 396 instructions.
Wrote data/build/linux/O1/rosetta_v06_00034_Abstract-type_abstract-type-1_sym.asm.json with 60 instructions.
Wrote data/build/linux/O1/rosetta_v06_00037_Abundant-deficient-and-perfect-number-classifications_abundant-deficient-and-perfect-number-classifications_sym.asm.json with 147 instructions.
Wrote data/build/linux/O1/rosetta_v06_00038_Abundant-odd-numbers_abundant-odd-numbers_sym.asm.json with 179 instructions.
Wrote data/build/linux/O1/rosetta_v06_00039_Accumulator-factory_accumulator-factory_sym.asm.json with 122 instructions.
Wrote data/build/linux/O1/rosetta_v06_00041_Ackermann-function_ackermann-function-2_sym.asm.json with 178 instructions.
Wrote data/build/linux/O1/rosetta_v06_00043_Ackermann-function_ackermann-function-1_sym.asm.json with 132 instructions.
Wrote data/build/linux/O1/rosetta_v06_00046_Active-object_active-object_sym.asm.json with 219 instructions.
Wrote data/build/linux/O1/rosetta_v06_00047_Additive-primes_additive-primes_sym.asm.json with 237 instructions.
Wrote data/build/linux/O1/rosetta_v06_00050_Address-of-a-variable_address-of-a-variable-5_sym.asm.json with 60 instructions.
Wrote data/build/linux/O1/rosetta_v06_00053_Address-of-a-variable_address-of-a-variable-1_sym.asm.json with 60 instructions.
Wrote data/build/linux/O1/rosetta_v06_00055_Aliquot-sequence-classifications_aliquot-sequence-classifications-1_sym.asm.json with 322 instructions.
Wrote data/build/linux/O1/rosetta_v06_00056_Aliquot-sequence-classifications_aliquot-sequence-classifications-2_sym.asm.json with 386 instructions.
Wrote data/build/linux/O1/rosetta_v06_00057_Almost-prime_almost-prime_sym.asm.json with 168 instructions.
Wrote data/build/linux/O1/rosetta_v06_00059_Amicable-pairs_amicable-pairs_sym.asm.json with 262 instructions.
Wrote data/build/linux/O1/rosetta_v06_00060_Anagrams_anagrams-2_sym.asm.json with 344 instructions.
Wrote data/build/linux/O1/rosetta_v06_00061_Anagrams_anagrams-1_sym.asm.json with 381 instructions.
Wrote data/build/linux/O1/rosetta_v06_00062_Anagrams-Deranged-anagrams_anagrams-deranged-anagrams_sym.asm.json with 315 instructions.
Wrote data/build/linux/O1/rosetta_v06_00063_Angle-difference-between-two-bearings_angle-difference-between-two-bearings_sym.asm.json with 214 instructions.
Wrote data/build/linux/O1/rosetta_v06_00064_Angles-geometric-normalization-and-conversion_angles-geometric-normalization-and-conversion_sym.asm.json with 160 instructions.
Wrote data/build/linux/O1/rosetta_v06_00067_Anonymous-recursion_anonymous-recursion-1_sym.asm.json with 144 instructions.
Wrote data/build/linux/O1/rosetta_v06_00068_Anonymous-recursion_anonymous-recursion-2_sym.asm.json with 107 instructions.
Wrote data/build/linux/O1/rosetta_v06_00069_Anti-primes_anti-primes_sym.asm.json with 153 instructions.
Wrote data/build/linux/O1/rosetta_v06_00071_Apply-a-callback-to-an-array_apply-a-callback-to-an-array-1_sym.asm.json with 60 instructions.
Wrote data/build/linux/O1/rosetta_v06_00073_Apply-a-digital-filter-direct-form-II-transposed-_apply-a-digital-filter-direct-form-ii-transposed-_sym.asm.json with 419 instructions.
Wrote data/build/linux/O1/rosetta_v06_00074_Approximate-equality_approximate-equality_sym.asm.json with 124 instructions.
Wrote data/build/linux/O1/rosetta_v06_00078_Arena-storage-pool_arena-storage-pool-7_sym.asm.json with 242 instructions.
Wrote data/build/linux/O1/rosetta_v06_00082_Arena-storage-pool_arena-storage-pool-1_sym.asm.json with 60 instructions.
Wrote data/build/linux/O1/rosetta_v06_00086_Arithmetic-Complex_arithmetic-complex-1_sym.asm.json with 124 instructions.
Wrote data/build/linux/O1/rosetta_v06_00087_Arithmetic-Integer_arithmetic-integer_sym.asm.json with 143 instructions.
Wrote data/build/linux/O1/rosetta_v06_00088_Arithmetic-Rational_arithmetic-rational_sym.asm.json with 300 instructions.
Wrote data/build/linux/O1/rosetta_v06_00089_Arithmetic-derivative_arithmetic-derivative_sym.asm.json with 382 instructions.
Wrote data/build/linux/O1/rosetta_v06_00090_Arithmetic-geometric-mean_arithmetic-geometric-mean-2_sym.asm.json with 179 instructions.
Wrote data/build/linux/O1/rosetta_v06_00091_Arithmetic-geometric-mean_arithmetic-geometric-mean-1_sym.asm.json with 158 instructions.
Wrote data/build/linux/O1/rosetta_v06_00092_Arithmetic-geometric-mean-Calculate-Pi_arithmetic-geometric-mean-calculate-pi_sym.asm.json with 236 instructions.
Wrote data/build/linux/O1/rosetta_v06_00093_Arithmetic-numbers_arithmetic-numbers_sym.asm.json with 226 instructions.
Wrote data/build/linux/O1/rosetta_v06_00095_Array-length_array-length-3_sym.asm.json with 243 instructions.
Wrote data/build/linux/O1/rosetta_v06_00097_Array-length_array-length-2_sym.asm.json with 60 instructions.
Wrote data/build/linux/O1/rosetta_v06_00098_Array-length_array-length-1_sym.asm.json with 85 instructions.
Wrote data/build/linux/O1/rosetta_v06_00101_Arrays_arrays-2_sym.asm.json with 60 instructions.
Wrote data/build/linux/O1/rosetta_v06_00102_Arrays_arrays-3_sym.asm.json with 60 instructions.
Wrote data/build/linux/O1/rosetta_v06_00103_Arrays_arrays-1_sym.asm.json with 60 instructions.
Wrote data/build/linux/O1/rosetta_v06_00107_Arrays_arrays-10_sym.asm.json with 184 instructions.
Wrote data/build/linux/O1/rosetta_v06_00110_Assertions_assertions-1_sym.asm.json with 83 instructions.
Wrote data/build/linux/O1/rosetta_v06_00114_Atomic-updates_atomic-updates-1_sym.asm.json with 374 instructions.
Wrote data/build/linux/O1/rosetta_v06_00116_Average-loop-length_average-loop-length_sym.asm.json with 255 instructions.
Wrote data/build/linux/O1/rosetta_v06_00117_Averages-Arithmetic-mean_averages-arithmetic-mean_sym.asm.json with 155 instructions.
Wrote data/build/linux/O1/rosetta_v06_00118_Averages-Mean-angle_averages-mean-angle_sym.asm.json with 167 instructions.
Wrote data/build/linux/O1/rosetta_v06_00119_Averages-Mean-time-of-day_averages-mean-time-of-day_sym.asm.json with 258 instructions.
Wrote data/build/linux/O1/rosetta_v06_00120_Averages-Median_averages-median-1_sym.asm.json with 134 instructions.
Wrote data/build/linux/O1/rosetta_v06_00122_Averages-Median_averages-median-2_sym.asm.json with 278 instructions.
Wrote data/build/linux/O1/rosetta_v06_00123_Averages-Mode_averages-mode_sym.asm.json with 270 instructions.
Wrote data/build/linux/O1/rosetta_v06_00124_Averages-Pythagorean-means_averages-pythagorean-means_sym.asm.json with 153 instructions.
Wrote data/build/linux/O1/rosetta_v06_00125_Averages-Root-mean-square_averages-root-mean-square_sym.asm.json with 146 instructions.
Wrote data/build/linux/O1/rosetta_v06_00126_Averages-Simple-moving-average_averages-simple-moving-average-1_sym.asm.json with 229 instructions.
Wrote data/build/linux/O1/rosetta_v06_00128_B-zier-curves-Intersections_b-zier-curves-intersections-1_sym.asm.json with 620 instructions.
Wrote data/build/linux/O1/rosetta_v06_00129_B-zier-curves-Intersections_b-zier-curves-intersections-2_sym.asm.json with 766 instructions.
Wrote data/build/linux/O1/rosetta_v06_00130_Babbage-problem_babbage-problem_sym.asm.json with 106 instructions.
Wrote data/build/linux/O1/rosetta_v06_00131_Balanced-brackets_balanced-brackets-1_sym.asm.json with 216 instructions.
Wrote data/build/linux/O1/rosetta_v06_00133_Balanced-ternary_balanced-ternary_sym.asm.json with 476 instructions.
Wrote data/build/linux/O1/rosetta_v06_00136_Bell-numbers_bell-numbers_sym.asm.json with 267 instructions.
Wrote data/build/linux/O1/rosetta_v06_00137_Benfords-law_benfords-law_sym.asm.json with 228 instructions.
Wrote data/build/linux/O1/rosetta_v06_00140_Best-shuffle_best-shuffle-4_sym.asm.json with 279 instructions.
Wrote data/build/linux/O1/rosetta_v06_00141_Best-shuffle_best-shuffle-1_sym.asm.json with 386 instructions.
Wrote data/build/linux/O1/rosetta_v06_00143_Bin-given-limits_bin-given-limits_sym.asm.json with 312 instructions.
Wrote data/build/linux/O1/rosetta_v06_00144_Binary-digits_binary-digits-2_sym.asm.json with 154 instructions.
Wrote data/build/linux/O1/rosetta_v06_00146_Binary-search_binary-search_sym.asm.json with 170 instructions.
Wrote data/build/linux/O1/rosetta_v06_00147_Binary-strings_binary-strings_sym.asm.json with 468 instructions.
>>> pkill -f 'parse_objdump.py --bin data/build/linux/O'
Terminated                 python src/parse_objdump.py --bin "$bin" --out "$bin.asm.json"
Wrote data/build/linux/O1/rosetta_v06_00149_Bioinformatics-base-count_bioinformatics-base-count_sym.asm.json with 184 instructions.
Wrote data/build/linux/O1/rosetta_v06_00151_Biorhythms_biorhythms-1_sym.asm.json with 234 instructions.
Wrote data/build/linux/O1/rosetta_v06_00152_Bitcoin-address-validation_bitcoin-address-validation_sym.asm.json with 231 instructions.
Wrote data/build/linux/O1/rosetta_v06_00154_Bitmap_bitmap-1_sym.asm.json with 60 instructions.
Wrote data/build/linux/O1/rosetta_v06_00182_Bitmap-Write-a-PPM-file_bitmap-write-a-ppm-file-1_sym.asm.json with 148 instructions.
Wrote data/build/linux/O1/rosetta_v06_00183_Bitmap-Write-a-PPM-file_bitmap-write-a-ppm-file-2_sym.asm.json with 142 instructions.
Wrote data/build/linux/O1/rosetta_v06_00184_Bitwise-IO_bitwise-io_sym.asm.json with 347 instructions.
Wrote data/build/linux/O1/rosetta_v06_00187_Bitwise-operations_bitwise-operations-2_sym.asm.json with 64 instructions.
Wrote data/build/linux/O1/rosetta_v06_00188_Blum-integer_blum-integer_sym.asm.json with 374 instructions.
Wrote data/build/linux/O1/rosetta_v06_00189_Box-the-compass_box-the-compass_sym.asm.json with 119 instructions.
Wrote data/build/linux/O1/rosetta_v06_00190_Brace-expansion_brace-expansion_sym.asm.json with 633 instructions.
Wrote data/build/linux/O1/rosetta_v06_00193_Brownian-tree_brownian-tree-2_sym.asm.json with 226 instructions.
Wrote data/build/linux/O1/rosetta_v06_00194_Bulls-and-cows_bulls-and-cows-1_sym.asm.json with 221 instructions.
Wrote data/build/linux/O1/rosetta_v06_00196_Bulls-and-cows-Player_bulls-and-cows-player-1_sym.asm.json with 462 instructions.
Wrote data/build/linux/O1/rosetta_v06_00199_Burrows-Wheeler-transform_burrows-wheeler-transform_sym.asm.json with 439 instructions.
Wrote data/build/linux/O1/rosetta_v06_00200_CRC-32_crc-32-2_sym.asm.json with 136 instructions.
Wrote data/build/linux/O1/rosetta_v06_00202_CSV-data-manipulation_csv-data-manipulation-1_sym.asm.json with 618 instructions.
Wrote data/build/linux/O1/rosetta_v06_00205_CSV-to-HTML-translation_csv-to-html-translation-1_sym.asm.json with 151 instructions.
Wrote data/build/linux/O1/rosetta_v06_00206_CUSIP_cusip_sym.asm.json with 225 instructions.
Wrote data/build/linux/O1/rosetta_v06_00208_Calculating-the-value-of-e_calculating-the-value-of-e-2_sym.asm.json with 115 instructions.
Wrote data/build/linux/O1/rosetta_v06_00209_Calculating-the-value-of-e_calculating-the-value-of-e-1_sym.asm.json with 129 instructions.
Wrote data/build/linux/O1/rosetta_v06_00210_Calendar_calendar-1_sym.asm.json with 537 instructions.
Wrote data/build/linux/O1/rosetta_v06_00215_Call-a-function-in-a-shared-library_call-a-function-in-a-shared-library-2_sym.asm.json with 76 instructions.
Wrote data/build/linux/O1/rosetta_v06_00216_Call-a-function-in-a-shared-library_call-a-function-in-a-shared-library-1_sym.asm.json with 133 instructions.
Wrote data/build/linux/O1/rosetta_v06_00217_Call-an-object-method_call-an-object-method_sym.asm.json with 122 instructions.
Wrote data/build/linux/O1/rosetta_v06_00218_Canny-edge-detector_canny-edge-detector_sym.asm.json with 1347 instructions.
Wrote data/build/linux/O1/rosetta_v06_00219_Canonicalize-CIDR_canonicalize-cidr_sym.asm.json with 220 instructions.
Wrote data/build/linux/O1/rosetta_v06_00220_Cantor-set_cantor-set_sym.asm.json with 184 instructions.
Wrote data/build/linux/O1/rosetta_v06_00221_Carmichael-3-strong-pseudoprimes_carmichael-3-strong-pseudoprimes_sym.asm.json with 246 instructions.
Wrote data/build/linux/O1/rosetta_v06_00222_Cartesian-product-of-two-or-more-lists_cartesian-product-of-two-or-more-lists_sym.asm.json with 416 instructions.
Wrote data/build/linux/O1/rosetta_v06_00223_Case-sensitivity-of-identifiers_case-sensitivity-of-identifiers_sym.asm.json with 87 instructions.
Wrote data/build/linux/O1/rosetta_v06_00224_Casting-out-nines_casting-out-nines_sym.asm.json with 134 instructions.
Wrote data/build/linux/O1/rosetta_v06_00225_Catalan-numbers_catalan-numbers_sym.asm.json with 222 instructions.
Wrote data/build/linux/O1/rosetta_v06_00226_Catalan-numbers-Pascals-triangle_catalan-numbers-pascals-triangle_sym.asm.json with 134 instructions.
Wrote data/build/linux/O1/rosetta_v06_00227_Catamorphism_catamorphism_sym.asm.json with 152 instructions.
Wrote data/build/linux/O1/rosetta_v06_00231_Character-codes_character-codes_sym.asm.json with 89 instructions.
Wrote data/build/linux/O1/rosetta_v06_00233_Check-input-device-is-a-terminal_check-input-device-is-a-terminal_sym.asm.json with 96 instructions.
Wrote data/build/linux/O1/rosetta_v06_00234_Check-output-device-is-a-terminal_check-output-device-is-a-terminal_sym.asm.json with 96 instructions.
Wrote data/build/linux/O1/rosetta_v06_00235_Check-that-file-exists_check-that-file-exists-1_sym.asm.json with 152 instructions.
Wrote data/build/linux/O1/rosetta_v06_00239_Cheryls-birthday_cheryls-birthday_sym.asm.json with 257 instructions.
Wrote data/build/linux/O1/rosetta_v06_00240_Chinese-remainder-theorem_chinese-remainder-theorem_sym.asm.json with 183 instructions.
Wrote data/build/linux/O1/rosetta_v06_00241_Chinese-zodiac_chinese-zodiac_sym.asm.json with 158 instructions.
Wrote data/build/linux/O1/rosetta_v06_00242_Cholesky-decomposition_cholesky-decomposition_sym.asm.json with 319 instructions.
Wrote data/build/linux/O1/rosetta_v06_00243_Chowla-numbers_chowla-numbers_sym.asm.json with 185 instructions.
Wrote data/build/linux/O1/rosetta_v06_00244_Circles-of-given-radius-through-two-points_circles-of-given-radius-through-two-points_sym.asm.json with 276 instructions.
Wrote data/build/linux/O1/rosetta_v06_00246_Cistercian-numerals_cistercian-numerals_sym.asm.json with 523 instructions.
Wrote data/build/linux/O1/rosetta_v06_00249_Closures-Value-capture_closures-value-capture-1_sym.asm.json with 182 instructions.
Wrote data/build/linux/O1/rosetta_v06_00256_Color-wheel_color-wheel_sym.asm.json with 370 instructions.
Wrote data/build/linux/O1/rosetta_v06_00257_Colorful-numbers_colorful-numbers_sym.asm.json with 372 instructions.
Wrote data/build/linux/O1/rosetta_v06_00261_Combinations_combinations-1_sym.asm.json with 141 instructions.
Wrote data/build/linux/O1/rosetta_v06_00262_Combinations_combinations-2_sym.asm.json with 185 instructions.
Wrote data/build/linux/O1/rosetta_v06_00264_Combinations-with-repetitions_combinations-with-repetitions-2_sym.asm.json with 170 instructions.
Wrote data/build/linux/O1/rosetta_v06_00265_Combinations-with-repetitions_combinations-with-repetitions-1_sym.asm.json with 169 instructions.
Wrote data/build/linux/O1/rosetta_v06_00266_Comma-quibbling_comma-quibbling_sym.asm.json with 214 instructions.
Wrote data/build/linux/O1/rosetta_v06_00267_Command-line-arguments_command-line-arguments_sym.asm.json with 108 instructions.
Wrote data/build/linux/O1/rosetta_v06_00268_Comments_comments-2_sym.asm.json with 61 instructions.
Wrote data/build/linux/O1/rosetta_v06_00269_Comments_comments-4_sym.asm.json with 60 instructions.
Wrote data/build/linux/O1/rosetta_v06_00270_Comments_comments-1_sym.asm.json with 60 instructions.
Wrote data/build/linux/O1/rosetta_v06_00271_Comments_comments-5_sym.asm.json with 60 instructions.
Wrote data/build/linux/O1/rosetta_v06_00273_Comments_comments-6_sym.asm.json with 60 instructions.
Wrote data/build/linux/O1/rosetta_v06_00274_Comments_comments-7_sym.asm.json with 60 instructions.
Wrote data/build/linux/O1/rosetta_v06_00275_Compare-a-list-of-strings_compare-a-list-of-strings_sym.asm.json with 60 instructions.
Wrote data/build/linux/O1/rosetta_v06_00278_Compare-sorting-algorithms-performance_compare-sorting-algorithms-performance-1_sym.asm.json with 60 instructions.
Wrote data/build/linux/O1/rosetta_v06_00283_Compile-time-calculation_compile-time-calculation-2_sym.asm.json with 85 instructions.
Wrote data/build/linux/O1/rosetta_v06_00284_Compiler-AST-interpreter_compiler-ast-interpreter_sym.asm.json with 790 instructions.
Wrote data/build/linux/O1/rosetta_v06_00285_Compiler-code-generator_compiler-code-generator_sym.asm.json with 983 instructions.
Wrote data/build/linux/O1/rosetta_v06_00286_Compiler-lexical-analyzer_compiler-lexical-analyzer_sym.asm.json with 747 instructions.
Wrote data/build/linux/O1/rosetta_v06_00287_Compiler-syntax-analyzer_compiler-syntax-analyzer_sym.asm.json with 892 instructions.
Wrote data/build/linux/O1/rosetta_v06_00288_Compiler-virtual-machine-interpreter_compiler-virtual-machine-interpreter_sym.asm.json with 732 instructions.
Wrote data/build/linux/O1/rosetta_v06_00289_Composite-numbers-k-with-no-single-digit-factors-whose-factors-are-all-substrings-of-k_composite-numbers-k-with-no-single-digit-factors-whose-factors-are-all-substrings-of-k_sym.asm.json with 241 instructions.
Wrote data/build/linux/O1/rosetta_v06_00290_Compound-data-type_compound-data-type_sym.asm.json with 60 instructions.
Wrote data/build/linux/O1/rosetta_v06_00291_Concurrent-computing_concurrent-computing-2_sym.asm.json with 100 instructions.
Wrote data/build/linux/O1/rosetta_v06_00292_Concurrent-computing_concurrent-computing-1_sym.asm.json with 208 instructions.
Wrote data/build/linux/O1/rosetta_v06_00293_Conjugate-transpose_conjugate-transpose_sym.asm.json with 850 instructions.
Wrote data/build/linux/O1/rosetta_v06_00294_Consecutive-primes-with-ascending-or-descending-differences_consecutive-primes-with-ascending-or-descending-differences_sym.asm.json with 384 instructions.
Wrote data/build/linux/O1/rosetta_v06_00295_Constrained-random-points-on-a-circle_constrained-random-points-on-a-circle-1_sym.asm.json with 155 instructions.
Wrote data/build/linux/O1/rosetta_v06_00297_Continued-fraction_continued-fraction_sym.asm.json with 175 instructions.
Wrote data/build/linux/O1/rosetta_v06_00298_Continued-fraction-Arithmetic-Construct-from-rational-number_continued-fraction-arithmetic-construct-from-rational-number_sym.asm.json with 187 instructions.
Wrote data/build/linux/O1/rosetta_v06_00299_Continued-fraction-Arithmetic-G-matrix-ng-continued-fraction-n-_continued-fraction-arithmetic-g-matrix-ng-continued-fraction-n--2_sym.asm.json with 770 instructions.
Wrote data/build/linux/O1/rosetta_v06_00301_Convert-decimal-number-to-rational_convert-decimal-number-to-rational-1_sym.asm.json with 254 instructions.
Wrote data/build/linux/O1/rosetta_v06_00303_Convert-seconds-to-compound-duration_convert-seconds-to-compound-duration-2_sym.asm.json with 295 instructions.
Wrote data/build/linux/O1/rosetta_v06_00305_Convex-hull_convex-hull_sym.asm.json with 417 instructions.
Wrote data/build/linux/O1/rosetta_v06_00308_Conways-Game-of-Life_conways-game-of-life-1_sym.asm.json with 369 instructions.
Wrote data/build/linux/O1/rosetta_v06_00309_Copy-a-string_copy-a-string-1_sym.asm.json with 159 instructions.
>>> kill 6833 6837
Wrote data/build/linux/O1/rosetta_v06_00311_Copy-a-string_copy-a-string-2_sym.asm.json with 116 instructions.
>>> python heredoc: create bin lists
train_list out/binlist_train_sym.txt test_list out/binlist_test_O3_stripped.txt
>>> source .venv/bin/activate && while read -r bin; do python src/parse_objdump.py --bin "" --out ".asm.json"; done < out/binlist_train_sym.txt
Wrote data/build/linux/O0/rosetta_v06_01123_Program-name_program-name-2_sym.asm.json with 88 instructions.
Wrote data/build/linux/O0/rosetta_v06_00856_Matrix-chain-multiplication_matrix-chain-multiplication_sym.asm.json with 475 instructions.
Wrote data/build/linux/O0/rosetta_v06_01347_Sorting-algorithms-Quicksort_sorting-algorithms-quicksort-1_sym.asm.json with 217 instructions.
Wrote data/build/linux/O0/rosetta_v06_00525_Find-the-intersection-of-two-lines_find-the-intersection-of-two-lines_sym.asm.json with 424 instructions.
Wrote data/build/linux/O0/rosetta_v06_01167_Range-expansion_range-expansion_sym.asm.json with 293 instructions.
Wrote data/build/linux/O0/rosetta_v06_00383_Dining-philosophers_dining-philosophers-1_sym.asm.json with 471 instructions.
Wrote data/build/linux/O0/rosetta_v06_01160_Random-number-generator-device-_random-number-generator-device--1_sym.asm.json with 154 instructions.
Wrote data/build/linux/O0/rosetta_v06_00492_Faulhabers-triangle_faulhabers-triangle_sym.asm.json with 508 instructions.
Wrote data/build/linux/O0/rosetta_v06_00184_Bitwise-IO_bitwise-io_sym.asm.json with 395 instructions.
Wrote data/build/linux/O0/rosetta_v06_01001_Padovan-n-step-number-sequences_padovan-n-step-number-sequences_sym.asm.json with 238 instructions.
Wrote data/build/linux/O0/rosetta_v06_01214_Roots-of-a-function_roots-of-a-function-1_sym.asm.json with 272 instructions.
Wrote data/build/linux/O0/rosetta_v06_01424_Subtractive-generator_subtractive-generator_sym.asm.json with 201 instructions.
Wrote data/build/linux/O0/rosetta_v06_00523_Find-palindromic-numbers-in-both-binary-and-ternary-bases_find-palindromic-numbers-in-both-binary-and-ternary-bases_sym.asm.json with 337 instructions.
Wrote data/build/linux/O0/rosetta_v06_00373_Determine-if-a-string-is-squeezable_determine-if-a-string-is-squeezable_sym.asm.json with 568 instructions.
Wrote data/build/linux/O0/rosetta_v06_00574_Function-prototype_function-prototype_sym.asm.json with 60 instructions.
Wrote data/build/linux/O0/rosetta_v06_01360_Sphenic-numbers_sphenic-numbers_sym.asm.json with 720 instructions.
Wrote data/build/linux/O0/rosetta_v06_00528_First-class-environments_first-class-environments_sym.asm.json with 238 instructions.
Wrote data/build/linux/O0/rosetta_v06_00627_Greedy-algorithm-for-Egyptian-fractions_greedy-algorithm-for-egyptian-fractions_sym.asm.json with 365 instructions.
Wrote data/build/linux/O0/rosetta_v06_01403_String-length_string-length-4_sym.asm.json with 102 instructions.
Wrote data/build/linux/O0/rosetta_v06_01256_Semordnilap_semordnilap_sym.asm.json with 409 instructions.
Wrote data/build/linux/O0/rosetta_v06_00402_Dragon-curve_dragon-curve_sym.asm.json with 600 instructions.
Wrote data/build/linux/O0/rosetta_v06_01058_Permutations_permutations-2_sym.asm.json with 232 instructions.
Wrote data/build/linux/O0/rosetta_v06_01276_Show-the-epoch_show-the-epoch-1_sym.asm.json with 100 instructions.
Wrote data/build/linux/O0/rosetta_v06_00057_Almost-prime_almost-prime_sym.asm.json with 154 instructions.
Wrote data/build/linux/O0/rosetta_v06_00068_Anonymous-recursion_anonymous-recursion-2_sym.asm.json with 125 instructions.
Wrote data/build/linux/O0/rosetta_v06_00137_Benfords-law_benfords-law_sym.asm.json with 263 instructions.
Wrote data/build/linux/O0/rosetta_v06_00098_Array-length_array-length-1_sym.asm.json with 93 instructions.
Wrote data/build/linux/O0/rosetta_v06_00981_Old-lady-swallowed-a-fly_old-lady-swallowed-a-fly_sym.asm.json with 130 instructions.
Wrote data/build/linux/O0/rosetta_v06_00623_Greatest-common-divisor_greatest-common-divisor-1_sym.asm.json with 90 instructions.
Wrote data/build/linux/O0/rosetta_v06_01275_Show-ASCII-table_show-ascii-table_sym.asm.json with 135 instructions.
Wrote data/build/linux/O0/rosetta_v06_00993_Ordered-words_ordered-words-1_sym.asm.json with 300 instructions.
Wrote data/build/linux/O0/rosetta_v06_01333_Sorting-algorithms-Comb-sort_sorting-algorithms-comb-sort_sym.asm.json with 149 instructions.
Wrote data/build/linux/O0/rosetta_v06_01181_Read-entire-file_read-entire-file-2_sym.asm.json with 141 instructions.
Wrote data/build/linux/O0/rosetta_v06_01210_Roman-numerals-Decode_roman-numerals-decode_sym.asm.json with 184 instructions.
Wrote data/build/linux/O0/rosetta_v06_00573_Function-frequency_function-frequency_sym.asm.json with 849 instructions.
Wrote data/build/linux/O0/rosetta_v06_01145_Queue-Definition_queue-definition-2_sym.asm.json with 161 instructions.
Wrote data/build/linux/O0/rosetta_v06_00243_Chowla-numbers_chowla-numbers_sym.asm.json with 202 instructions.
Wrote data/build/linux/O0/rosetta_v06_00454_Exceptions_exceptions-1_sym.asm.json with 89 instructions.
Wrote data/build/linux/O0/rosetta_v06_01267_Set-of-real-numbers_set-of-real-numbers_sym.asm.json with 738 instructions.
Wrote data/build/linux/O0/rosetta_v06_00378_Digital-root_digital-root_sym.asm.json with 173 instructions.
Wrote data/build/linux/O0/rosetta_v06_00820_Loops-Nested_loops-nested-1_sym.asm.json with 178 instructions.
Wrote data/build/linux/O0/rosetta_v06_00009_15-puzzle-game_15-puzzle-game-2_sym.asm.json with 394 instructions.
Wrote data/build/linux/O0/rosetta_v06_00669_Hofstadter-Figure-Figure-sequences_hofstadter-figure-figure-sequences_sym.asm.json with 326 instructions.
Wrote data/build/linux/O0/rosetta_v06_01465_Terminal-control-Hiding-the-cursor_terminal-control-hiding-the-cursor_sym.asm.json with 92 instructions.
Wrote data/build/linux/O0/rosetta_v06_00215_Call-a-function-in-a-shared-library_call-a-function-in-a-shared-library-2_sym.asm.json with 80 instructions.
Wrote data/build/linux/O0/rosetta_v06_01515_Twin-primes_twin-primes_sym.asm.json with 311 instructions.
Wrote data/build/linux/O0/rosetta_v06_00034_Abstract-type_abstract-type-1_sym.asm.json with 60 instructions.
Wrote data/build/linux/O0/rosetta_v06_00199_Burrows-Wheeler-transform_burrows-wheeler-transform_sym.asm.json with 555 instructions.
Wrote data/build/linux/O0/rosetta_v06_00441_Euler-method_euler-method-1_sym.asm.json with 241 instructions.
Wrote data/build/linux/O0/rosetta_v06_00766_Last-letter-first-letter_last-letter-first-letter-2_sym.asm.json with 854 instructions.
Wrote data/build/linux/O0/rosetta_v06_00989_Order-two-numerical-lists_order-two-numerical-lists-1_sym.asm.json with 125 instructions.
Wrote data/build/linux/O0/rosetta_v06_00336_Cumulative-standard-deviation_cumulative-standard-deviation-1_sym.asm.json with 200 instructions.
Wrote data/build/linux/O0/rosetta_v06_01361_Spinning-rod-animation-Text_spinning-rod-animation-text_sym.asm.json with 163 instructions.
Wrote data/build/linux/O0/rosetta_v06_01492_Tokenize-a-string_tokenize-a-string-2_sym.asm.json with 157 instructions.
Wrote data/build/linux/O0/rosetta_v06_00513_File-size_file-size-1_sym.asm.json with 136 instructions.
Wrote data/build/linux/O0/rosetta_v06_00396_Doubly-linked-list-Element-definition_doubly-linked-list-element-definition-1_sym.asm.json with 60 instructions.
Wrote data/build/linux/O0/rosetta_v06_00674_Horners-rule-for-polynomial-evaluation_horners-rule-for-polynomial-evaluation_sym.asm.json with 130 instructions.
Wrote data/build/linux/O0/rosetta_v06_01176_Read-a-file-line-by-line_read-a-file-line-by-line-2_sym.asm.json with 135 instructions.
Wrote data/build/linux/O0/rosetta_v06_01004_Palindrome-detection_palindrome-detection-1_sym.asm.json with 100 instructions.
Wrote data/build/linux/O0/rosetta_v06_00419_Elliptic-Curve-Digital-Signature-Algorithm_elliptic-curve-digital-signature-algorithm_sym.asm.json with 1143 instructions.
Wrote data/build/linux/O0/rosetta_v06_01432_Sum-multiples-of-3-and-5_sum-multiples-of-3-and-5-1_sym.asm.json with 147 instructions.
Wrote data/build/linux/O0/rosetta_v06_01097_Power-set_power-set_sym.asm.json with 149 instructions.
Wrote data/build/linux/O0/rosetta_v06_00182_Bitmap-Write-a-PPM-file_bitmap-write-a-ppm-file-1_sym.asm.json with 156 instructions.
Wrote data/build/linux/O0/rosetta_v06_00390_Diversity-prediction-theorem_diversity-prediction-theorem_sym.asm.json with 307 instructions.
Wrote data/build/linux/O0/rosetta_v06_00357_Deconvolution-2D+_deconvolution-2d+-1_sym.asm.json with 1914 instructions.
Wrote data/build/linux/O0/rosetta_v06_00868_McNuggets-problem_mcnuggets-problem_sym.asm.json with 171 instructions.
Wrote data/build/linux/O0/rosetta_v06_00136_Bell-numbers_bell-numbers_sym.asm.json with 302 instructions.
Wrote data/build/linux/O0/rosetta_v06_00434_Enumerations_enumerations-1_sym.asm.json with 60 instructions.
Wrote data/build/linux/O0/rosetta_v06_01406_String-matching_string-matching-2_sym.asm.json with 189 instructions.
Wrote data/build/linux/O0/rosetta_v06_01158_Ramer-Douglas-Peucker-line-simplification_ramer-douglas-peucker-line-simplification_sym.asm.json with 409 instructions.
Wrote data/build/linux/O0/rosetta_v06_01423_Substring-Top-and-tail_substring-top-and-tail_sym.asm.json with 167 instructions.
Wrote data/build/linux/O0/rosetta_v06_01332_Sorting-algorithms-Cocktail-sort-with-shifting-bounds_sorting-algorithms-cocktail-sort-with-shifting-bounds_sym.asm.json with 297 instructions.
Wrote data/build/linux/O0/rosetta_v06_00126_Averages-Simple-moving-average_averages-simple-moving-average-1_sym.asm.json with 337 instructions.
Wrote data/build/linux/O0/rosetta_v06_01084_Pointers-and-references_pointers-and-references-1_sym.asm.json with 60 instructions.
Wrote data/build/linux/O0/rosetta_v06_01018_Parse-an-IP-Address_parse-an-ip-address-3_sym.asm.json with 394 instructions.
Wrote data/build/linux/O0/rosetta_v06_00293_Conjugate-transpose_conjugate-transpose_sym.asm.json with 1063 instructions.
Wrote data/build/linux/O0/rosetta_v06_00008_15-puzzle-game_15-puzzle-game-1_sym.asm.json with 394 instructions.
Wrote data/build/linux/O0/rosetta_v06_00984_One-dimensional-cellular-automata_one-dimensional-cellular-automata-1_sym.asm.json with 187 instructions.
Wrote data/build/linux/O0/rosetta_v06_00409_Draw-a-sphere_draw-a-sphere-1_sym.asm.json with 334 instructions.
Wrote data/build/linux/O0/rosetta_v06_00888_Mian-Chowla-sequence_mian-chowla-sequence-1_sym.asm.json with 232 instructions.
Wrote data/build/linux/O0/rosetta_v06_00802_Loop-over-multiple-arrays-simultaneously_loop-over-multiple-arrays-simultaneously_sym.asm.json with 106 instructions.
Wrote data/build/linux/O0/rosetta_v06_00047_Additive-primes_additive-primes_sym.asm.json with 306 instructions.
Wrote data/build/linux/O0/rosetta_v06_00516_Filter_filter_sym.asm.json with 257 instructions.
Wrote data/build/linux/O0/rosetta_v06_00024_A+B_a+b-2_sym.asm.json with 115 instructions.
Wrote data/build/linux/O0/rosetta_v06_00829_Ludic-numbers_ludic-numbers_sym.asm.json with 378 instructions.
Wrote data/build/linux/O0/rosetta_v06_01021_Parsing-RPN-calculator-algorithm_parsing-rpn-calculator-algorithm-2_sym.asm.json with 389 instructions.
Wrote data/build/linux/O0/rosetta_v06_00086_Arithmetic-Complex_arithmetic-complex-1_sym.asm.json with 651 instructions.
Wrote data/build/linux/O0/rosetta_v06_00723_JortSort_jortsort_sym.asm.json with 224 instructions.
Wrote data/build/linux/O0/rosetta_v06_00944_Naming-conventions_naming-conventions-5_sym.asm.json with 60 instructions.
Wrote data/build/linux/O0/rosetta_v06_00428_Enforced-immutability_enforced-immutability-2_sym.asm.json with 77 instructions.
Wrote data/build/linux/O0/rosetta_v06_00896_Miller-Rabin-primality-test_miller-rabin-primality-test-1_sym.asm.json with 60 instructions.
Wrote data/build/linux/O0/rosetta_v06_00368_Determinant-and-permanent_determinant-and-permanent-2_sym.asm.json with 455 instructions.
Wrote data/build/linux/O0/rosetta_v06_00792_Long-year_long-year_sym.asm.json with 193 instructions.
Wrote data/build/linux/O0/rosetta_v06_01484_The-sieve-of-Sundaram_the-sieve-of-sundaram_sym.asm.json with 261 instructions.
Wrote data/build/linux/O0/rosetta_v06_01159_Random-Latin-squares_random-latin-squares_sym.asm.json with 422 instructions.
Wrote data/build/linux/O0/rosetta_v06_00359_Deepcopy_deepcopy-2_sym.asm.json with 236 instructions.
Wrote data/build/linux/O0/rosetta_v06_00588_Gaussian-elimination_gaussian-elimination_sym.asm.json with 422 instructions.
Wrote data/build/linux/O0/rosetta_v06_01017_Parametric-polymorphism_parametric-polymorphism_sym.asm.json with 258 instructions.
Wrote data/build/linux/O0/rosetta_v06_00387_Display-a-linear-combination_display-a-linear-combination_sym.asm.json with 649 instructions.
Wrote data/build/linux/O0/rosetta_v06_00912_Motzkin-numbers_motzkin-numbers_sym.asm.json with 201 instructions.
Wrote data/build/linux/O0/rosetta_v06_00343_Cut-a-rectangle_cut-a-rectangle-1_sym.asm.json with 358 instructions.
Wrote data/build/linux/O0/rosetta_v06_00288_Compiler-virtual-machine-interpreter_compiler-virtual-machine-interpreter_sym.asm.json with 1077 instructions.
Wrote data/build/linux/O0/rosetta_v06_01096_Population-count_population-count-1_sym.asm.json with 190 instructions.
Wrote data/build/linux/O0/rosetta_v06_01365_Split-a-character-string-based-on-change-of-character_split-a-character-string-based-on-change-of-character-2_sym.asm.json with 156 instructions.
Wrote data/build/linux/O0/rosetta_v06_01426_Sudan-function_sudan-function_sym.asm.json with 134 instructions.
Wrote data/build/linux/O0/rosetta_v06_00133_Balanced-ternary_balanced-ternary_sym.asm.json with 572 instructions.
Wrote data/build/linux/O0/rosetta_v06_00459_Executable-library_executable-library-1_sym.asm.json with 60 instructions.
Wrote data/build/linux/O0/rosetta_v06_01558_Vector_vector_sym.asm.json with 355 instructions.
Wrote data/build/linux/O0/rosetta_v06_00734_K-means++-clustering_k-means++-clustering_sym.asm.json with 1490 instructions.
Wrote data/build/linux/O0/rosetta_v06_01150_Quickselect-algorithm_quickselect-algorithm_sym.asm.json with 241 instructions.
Wrote data/build/linux/O0/rosetta_v06_01075_Plot-coordinate-pairs_plot-coordinate-pairs-2_sym.asm.json with 741 instructions.
Wrote data/build/linux/O0/rosetta_v06_00964_Non-decimal-radices-Output_non-decimal-radices-output_sym.asm.json with 94 instructions.
Wrote data/build/linux/O0/rosetta_v06_00315_Count-occurrences-of-a-substring_count-occurrences-of-a-substring-1_sym.asm.json with 162 instructions.
Wrote data/build/linux/O0/rosetta_v06_00533_First-power-of-2-that-has-leading-decimal-digits-of-12_first-power-of-2-that-has-leading-decimal-digits-of-12_sym.asm.json with 182 instructions.
Wrote data/build/linux/O0/rosetta_v06_00721_Jewels-and-stones_jewels-and-stones_sym.asm.json with 131 instructions.
Wrote data/build/linux/O0/rosetta_v06_00297_Continued-fraction_continued-fraction_sym.asm.json with 257 instructions.
Wrote data/build/linux/O0/rosetta_v06_00593_Generator-Exponential_generator-exponential-2_sym.asm.json with 235 instructions.
Wrote data/build/linux/O0/rosetta_v06_00909_Monte-Carlo-methods_monte-carlo-methods_sym.asm.json with 210 instructions.
Wrote data/build/linux/O0/rosetta_v06_01412_Strip-comments-from-a-string_strip-comments-from-a-string_sym.asm.json with 147 instructions.
Wrote data/build/linux/O0/rosetta_v06_01521_UTF-8-encode-and-decode_utf-8-encode-and-decode-1_sym.asm.json with 350 instructions.
Wrote data/build/linux/O0/rosetta_v06_00205_CSV-to-HTML-translation_csv-to-html-translation-1_sym.asm.json with 153 instructions.
Wrote data/build/linux/O0/rosetta_v06_00364_Department-numbers_department-numbers_sym.asm.json with 130 instructions.
Wrote data/build/linux/O0/rosetta_v06_01008_Palindromic-gapful-numbers_palindromic-gapful-numbers_sym.asm.json with 631 instructions.
Wrote data/build/linux/O0/rosetta_v06_00596_Generic-swap_generic-swap-3_sym.asm.json with 167 instructions.
Wrote data/build/linux/O0/rosetta_v06_00060_Anagrams_anagrams-2_sym.asm.json with 457 instructions.
Wrote data/build/linux/O0/rosetta_v06_01586_Window-creation-X11_window-creation-x11-2_sym.asm.json with 247 instructions.
Wrote data/build/linux/O0/rosetta_v06_01132_Pseudo-random-numbers-Splitmix64_pseudo-random-numbers-splitmix64_sym.asm.json with 176 instructions.
Wrote data/build/linux/O0/rosetta_v06_01009_Pancake-numbers_pancake-numbers_sym.asm.json with 136 instructions.
Wrote data/build/linux/O0/rosetta_v06_00422_Empty-directory_empty-directory_sym.asm.json with 194 instructions.
Wrote data/build/linux/O0/rosetta_v06_00923_Munchausen-numbers_munchausen-numbers_sym.asm.json with 143 instructions.
Wrote data/build/linux/O0/rosetta_v06_00960_Non-continuous-subsequences_non-continuous-subsequences-2_sym.asm.json with 161 instructions.
Wrote data/build/linux/O0/rosetta_v06_00652_Hello-world-Line-printer_hello-world-line-printer_sym.asm.json with 103 instructions.
Wrote data/build/linux/O0/rosetta_v06_00372_Determine-if-a-string-is-numeric_determine-if-a-string-is-numeric_sym.asm.json with 101 instructions.
Wrote data/build/linux/O0/rosetta_v06_01108_Prime-triangle_prime-triangle-1_sym.asm.json with 424 instructions.
Wrote data/build/linux/O0/rosetta_v06_00394_Doubly-linked-list-Definition_doubly-linked-list-definition-1_sym.asm.json with 229 instructions.
Wrote data/build/linux/O0/rosetta_v06_01458_Terminal-control-Coloured-text_terminal-control-coloured-text_sym.asm.json with 167 instructions.
Wrote data/build/linux/O0/rosetta_v06_00385_Disarium-numbers_disarium-numbers_sym.asm.json with 192 instructions.
Wrote data/build/linux/O0/rosetta_v06_01404_String-length_string-length-5_sym.asm.json with 110 instructions.
Wrote data/build/linux/O0/rosetta_v06_01565_Vigen-re-cipher_vigen-re-cipher_sym.asm.json with 464 instructions.
Wrote data/build/linux/O0/rosetta_v06_00265_Combinations-with-repetitions_combinations-with-repetitions-1_sym.asm.json with 188 instructions.
Wrote data/build/linux/O0/rosetta_v06_00366_Detect-division-by-zero_detect-division-by-zero_sym.asm.json with 216 instructions.
Wrote data/build/linux/O0/rosetta_v06_01394_String-append_string-append_sym.asm.json with 139 instructions.
Wrote data/build/linux/O0/rosetta_v06_01062_Pernicious-numbers_pernicious-numbers_sym.asm.json with 139 instructions.
Wrote data/build/linux/O0/rosetta_v06_01421_Substring_substring-3_sym.asm.json with 300 instructions.
Wrote data/build/linux/O0/rosetta_v06_01435_Sum-of-squares_sum-of-squares_sym.asm.json with 154 instructions.
Wrote data/build/linux/O0/rosetta_v06_01560_Verhoeff-algorithm_verhoeff-algorithm_sym.asm.json with 338 instructions.
Wrote data/build/linux/O0/rosetta_v06_00144_Binary-digits_binary-digits-2_sym.asm.json with 182 instructions.
Wrote data/build/linux/O0/rosetta_v06_00290_Compound-data-type_compound-data-type_sym.asm.json with 60 instructions.
Wrote data/build/linux/O0/rosetta_v06_00062_Anagrams-Deranged-anagrams_anagrams-deranged-anagrams_sym.asm.json with 414 instructions.
Wrote data/build/linux/O0/rosetta_v06_00999_P-value-correction_p-value-correction-1_sym.asm.json with 1948 instructions.
Wrote data/build/linux/O0/rosetta_v06_00720_Jensens-Device_jensens-device-1_sym.asm.json with 125 instructions.
Wrote data/build/linux/O0/rosetta_v06_00005_100-doors_100-doors-3_sym.asm.json with 143 instructions.
Wrote data/build/linux/O0/rosetta_v06_00773_Legendre-prime-counting-function_legendre-prime-counting-function_sym.asm.json with 655 instructions.
Wrote data/build/linux/O0/rosetta_v06_01550_Variable-size-Set_variable-size-set-3_sym.asm.json with 60 instructions.
Wrote data/build/linux/O0/rosetta_v06_00371_Determine-if-a-string-is-collapsible_determine-if-a-string-is-collapsible_sym.asm.json with 568 instructions.
Wrote data/build/linux/O0/rosetta_v06_00878_Metaprogramming_metaprogramming-6_sym.asm.json with 60 instructions.
Wrote data/build/linux/O0/rosetta_v06_00782_Literals-Integer_literals-integer_sym.asm.json with 84 instructions.
Wrote data/build/linux/O0/rosetta_v06_00863_Matrix-transposition_matrix-transposition-1_sym.asm.json with 201 instructions.
Wrote data/build/linux/O0/rosetta_v06_00342_Curzon-numbers_curzon-numbers_sym.asm.json with 212 instructions.
Wrote data/build/linux/O0/rosetta_v06_00374_Determine-if-only-one-instance-is-running_determine-if-only-one-instance-is-running-2_sym.asm.json with 161 instructions.
Wrote data/build/linux/O0/rosetta_v06_00015_24-game-Solve_24-game-solve_sym.asm.json with 582 instructions.
Wrote data/build/linux/O0/rosetta_v06_00091_Arithmetic-geometric-mean_arithmetic-geometric-mean-1_sym.asm.json with 160 instructions.
Wrote data/build/linux/O0/rosetta_v06_01121_Program-name_program-name-1_sym.asm.json with 91 instructions.
Wrote data/build/linux/O0/rosetta_v06_00955_Nested-function_nested-function_sym.asm.json with 204 instructions.
Wrote data/build/linux/O0/rosetta_v06_00550_Floyd-Warshall-algorithm_floyd-warshall-algorithm-1_sym.asm.json with 567 instructions.
Wrote data/build/linux/O0/rosetta_v06_01314_Soloways-recurring-rainfall_soloways-recurring-rainfall_sym.asm.json with 174 instructions.
Wrote data/build/linux/O0/rosetta_v06_01383_Steffensens-method_steffensens-method_sym.asm.json with 333 instructions.
Wrote data/build/linux/O0/rosetta_v06_01215_Roots-of-a-quadratic-function_roots-of-a-quadratic-function-2_sym.asm.json with 116 instructions.
Wrote data/build/linux/O0/rosetta_v06_00943_Named-parameters_named-parameters_sym.asm.json with 189 instructions.
Wrote data/build/linux/O0/rosetta_v06_01128_Proper-divisors_proper-divisors-2_sym.asm.json with 214 instructions.
Wrote data/build/linux/O0/rosetta_v06_01115_Priority-queue_priority-queue-2_sym.asm.json with 60 instructions.
Wrote data/build/linux/O0/rosetta_v06_01118_Probabilistic-choice_probabilistic-choice-1_sym.asm.json with 221 instructions.
Wrote data/build/linux/O0/rosetta_v06_01291_Simple-database_simple-database_sym.asm.json with 919 instructions.
Wrote data/build/linux/O0/rosetta_v06_00789_Long-multiplication_long-multiplication-1_sym.asm.json with 308 instructions.
Wrote data/build/linux/O0/rosetta_v06_00742_Keyboard-input-Obtain-a-Y-or-N-response_keyboard-input-obtain-a-y-or-n-response_sym.asm.json with 224 instructions.
Wrote data/build/linux/O0/rosetta_v06_00069_Anti-primes_anti-primes_sym.asm.json with 144 instructions.
Wrote data/build/linux/O0/rosetta_v06_00517_Find-common-directory-path_find-common-directory-path-1_sym.asm.json with 172 instructions.
Wrote data/build/linux/O0/rosetta_v06_00749_Knuth-shuffle_knuth-shuffle-2_sym.asm.json with 217 instructions.
Wrote data/build/linux/O0/rosetta_v06_01573_Walk-a-directory-Recursively_walk-a-directory-recursively-2_sym.asm.json with 228 instructions.
Wrote data/build/linux/O0/rosetta_v06_00937_N-queens-problem_n-queens-problem-1_sym.asm.json with 337 instructions.
Wrote data/build/linux/O0/rosetta_v06_01572_Walk-a-directory-Non-recursively_walk-a-directory-non-recursively_sym.asm.json with 156 instructions.
Wrote data/build/linux/O0/rosetta_v06_00059_Amicable-pairs_amicable-pairs_sym.asm.json with 285 instructions.
Wrote data/build/linux/O0/rosetta_v06_00474_Extreme-floating-point-values_extreme-floating-point-values-1_sym.asm.json with 205 instructions.
Wrote data/build/linux/O0/rosetta_v06_01340_Sorting-algorithms-Merge-sort_sorting-algorithms-merge-sort-2_sym.asm.json with 355 instructions.
>>> pkill -f 'while read -r bin; do python src/parse_objdump.py'
Wrote data/build/linux/O0/rosetta_v06_00962_Non-decimal-radices-Input_non-decimal-radices-input-1_sym.asm.json with 124 instructions.
>>> source .venv/bin/activate && while read -r bin; do python src/parse_objdump.py --bin "" --out ".asm.json"; done < out/binlist_test_O3_stripped.txt
Wrote data/build/linux/O3/rosetta_v06_00064_Angles-geometric-normalization-and-conversion_angles-geometric-normalization-and-conversion_stripped.asm.json with 179 instructions.
Wrote data/build/linux/O3/rosetta_v06_00120_Averages-Median_averages-median-1_stripped.asm.json with 136 instructions.
Wrote data/build/linux/O3/rosetta_v06_00014_24-game_24-game_stripped.asm.json with 919 instructions.
Wrote data/build/linux/O3/rosetta_v06_01593_World-Cup-group-stage_world-cup-group-stage_stripped.asm.json with 517 instructions.
Wrote data/build/linux/O3/rosetta_v06_01205_Reverse-a-string_reverse-a-string-1_stripped.asm.json with 296 instructions.
Wrote data/build/linux/O3/rosetta_v06_00471_Extensible-prime-generator_extensible-prime-generator-1_stripped.asm.json with 565 instructions.
Wrote data/build/linux/O3/rosetta_v06_01204_Return-multiple-values_return-multiple-values-2_stripped.asm.json with 92 instructions.
Wrote data/build/linux/O3/rosetta_v06_00043_Ackermann-function_ackermann-function-1_stripped.asm.json with 406 instructions.
Wrote data/build/linux/O3/rosetta_v06_00692_Imaginary-base-numbers_imaginary-base-numbers_stripped.asm.json with 1465 instructions.
Wrote data/build/linux/O3/rosetta_v06_00131_Balanced-brackets_balanced-brackets-1_stripped.asm.json with 434 instructions.
Wrote data/build/linux/O3/rosetta_v06_00924_Munching-squares_munching-squares_stripped.asm.json with 251 instructions.
Wrote data/build/linux/O3/rosetta_v06_01059_Permutations-Derangements_permutations-derangements_stripped.asm.json with 1238 instructions.
Wrote data/build/linux/O3/rosetta_v06_00897_Mind-boggling-card-trick_mind-boggling-card-trick_stripped.asm.json with 419 instructions.
Wrote data/build/linux/O3/rosetta_v06_00764_Last-Friday-of-each-month_last-friday-of-each-month_stripped.asm.json with 177 instructions.
Wrote data/build/linux/O3/rosetta_v06_01597_Write-float-arrays-to-a-text-file_write-float-arrays-to-a-text-file-1_stripped.asm.json with 133 instructions.
Wrote data/build/linux/O3/rosetta_v06_01489_Tic-tac-toe_tic-tac-toe_stripped.asm.json with 979 instructions.
Wrote data/build/linux/O3/rosetta_v06_00638_Halt-and-catch-fire_halt-and-catch-fire_stripped.asm.json with 74 instructions.
Wrote data/build/linux/O3/rosetta_v06_00411_Dutch-national-flag-problem_dutch-national-flag-problem_stripped.asm.json with 306 instructions.
Wrote data/build/linux/O3/rosetta_v06_01438_Summarize-and-say-sequence_summarize-and-say-sequence_stripped.asm.json with 1146 instructions.
Wrote data/build/linux/O3/rosetta_v06_00866_Mayan-numerals_mayan-numerals_stripped.asm.json with 403 instructions.
Wrote data/build/linux/O3/rosetta_v06_01242_Scope-Function-names-and-labels_scope-function-names-and-labels_stripped.asm.json with 144 instructions.
Wrote data/build/linux/O3/rosetta_v06_01498_Topological-sort_topological-sort-1_stripped.asm.json with 871 instructions.
Wrote data/build/linux/O3/rosetta_v06_00973_Numbers-which-are-the-cube-roots-of-the-product-of-their-proper-divisors_numbers-which-are-the-cube-roots-of-the-product-of-their-proper-divisors_stripped.asm.json with 231 instructions.
Wrote data/build/linux/O3/rosetta_v06_00262_Combinations_combinations-2_stripped.asm.json with 339 instructions.
Wrote data/build/linux/O3/rosetta_v06_00257_Colorful-numbers_colorful-numbers_stripped.asm.json with 572 instructions.
Wrote data/build/linux/O3/rosetta_v06_00141_Best-shuffle_best-shuffle-1_stripped.asm.json with 697 instructions.
Wrote data/build/linux/O3/rosetta_v06_00995_Ordered-words_ordered-words-3_stripped.asm.json with 250 instructions.
Wrote data/build/linux/O3/rosetta_v06_01564_Verify-distribution-uniformity-Naive_verify-distribution-uniformity-naive_stripped.asm.json with 331 instructions.
Wrote data/build/linux/O3/rosetta_v06_00493_Feigenbaum-constant-calculation_feigenbaum-constant-calculation_stripped.asm.json with 155 instructions.
Wrote data/build/linux/O3/rosetta_v06_00118_Averages-Mean-angle_averages-mean-angle_stripped.asm.json with 169 instructions.
Wrote data/build/linux/O3/rosetta_v06_00629_Guess-the-number_guess-the-number_stripped.asm.json with 143 instructions.
Wrote data/build/linux/O3/rosetta_v06_00039_Accumulator-factory_accumulator-factory_stripped.asm.json with 122 instructions.
Wrote data/build/linux/O3/rosetta_v06_00001_100-doors_100-doors-1_stripped.asm.json with 136 instructions.
Wrote data/build/linux/O3/rosetta_v06_01104_Prime-decomposition_prime-decomposition-4_stripped.asm.json with 494 instructions.
Wrote data/build/linux/O3/rosetta_v06_00330_Create-a-two-dimensional-array-at-runtime_create-a-two-dimensional-array-at-runtime-1_stripped.asm.json with 110 instructions.
Wrote data/build/linux/O3/rosetta_v06_00765_Last-letter-first-letter_last-letter-first-letter-1_stripped.asm.json with 587 instructions.
Wrote data/build/linux/O3/rosetta_v06_01480_Text-processing-Max-licenses-in-use_text-processing-max-licenses-in-use-2_stripped.asm.json with 213 instructions.
Wrote data/build/linux/O3/rosetta_v06_01599_Write-language-name-in-3D-ASCII_write-language-name-in-3d-ascii_stripped.asm.json with 85 instructions.
Wrote data/build/linux/O3/rosetta_v06_01532_Unprimeable-numbers_unprimeable-numbers_stripped.asm.json with 612 instructions.
Wrote data/build/linux/O3/rosetta_v06_01449_Take-notes-on-the-command-line_take-notes-on-the-command-line_stripped.asm.json with 184 instructions.
Wrote data/build/linux/O3/rosetta_v06_00611_Gotchas_gotchas-8_stripped.asm.json with 63 instructions.
Wrote data/build/linux/O3/rosetta_v06_01280_Sierpinski-carpet_sierpinski-carpet-3_stripped.asm.json with 524 instructions.
Wrote data/build/linux/O3/rosetta_v06_00217_Call-an-object-method_call-an-object-method_stripped.asm.json with 112 instructions.
Wrote data/build/linux/O3/rosetta_v06_01039_Pells-equation_pells-equation_stripped.asm.json with 260 instructions.
Wrote data/build/linux/O3/rosetta_v06_00365_Descending-primes_descending-primes_stripped.asm.json with 251 instructions.
Wrote data/build/linux/O3/rosetta_v06_00539_FizzBuzz_fizzbuzz-9_stripped.asm.json with 124 instructions.
Wrote data/build/linux/O3/rosetta_v06_00006_100-prisoners_100-prisoners_stripped.asm.json with 580 instructions.
Wrote data/build/linux/O3/rosetta_v06_00890_Middle-three-digits_middle-three-digits-1_stripped.asm.json with 182 instructions.
Wrote data/build/linux/O3/rosetta_v06_01623_Zhang-Suen-thinning-algorithm_zhang-suen-thinning-algorithm_stripped.asm.json with 855 instructions.
Wrote data/build/linux/O3/rosetta_v06_01312_Sockets_sockets_stripped.asm.json with 159 instructions.
Wrote data/build/linux/O3/rosetta_v06_01396_String-comparison_string-comparison-2_stripped.asm.json with 270 instructions.
Wrote data/build/linux/O3/rosetta_v06_00234_Check-output-device-is-a-terminal_check-output-device-is-a-terminal_stripped.asm.json with 98 instructions.
Wrote data/build/linux/O3/rosetta_v06_01477_Text-processing-2_text-processing-2_stripped.asm.json with 379 instructions.
Wrote data/build/linux/O3/rosetta_v06_00023_A+B_a+b-3_stripped.asm.json with 103 instructions.
Wrote data/build/linux/O3/rosetta_v06_01133_Pseudo-random-numbers-Xorshift-star_pseudo-random-numbers-xorshift-star_stripped.asm.json with 249 instructions.
Wrote data/build/linux/O3/rosetta_v06_00958_Non-continuous-subsequences_non-continuous-subsequences-3_stripped.asm.json with 439 instructions.
Wrote data/build/linux/O3/rosetta_v06_01220_Rosetta-Code-Rank-languages-by-popularity_rosetta-code-rank-languages-by-popularity-1_stripped.asm.json with 347 instructions.
Wrote data/build/linux/O3/rosetta_v06_00781_List-rooted-trees_list-rooted-trees_stripped.asm.json with 417 instructions.
Wrote data/build/linux/O3/rosetta_v06_00788_Logistic-curve-fitting-in-epidemiology_logistic-curve-fitting-in-epidemiology_stripped.asm.json with 256 instructions.
Wrote data/build/linux/O3/rosetta_v06_00130_Babbage-problem_babbage-problem_stripped.asm.json with 97 instructions.
Wrote data/build/linux/O3/rosetta_v06_01393_Stream-merge_stream-merge_stripped.asm.json with 240 instructions.
Wrote data/build/linux/O3/rosetta_v06_00327_Create-a-two-dimensional-array-at-runtime_create-a-two-dimensional-array-at-runtime-5_stripped.asm.json with 136 instructions.
Wrote data/build/linux/O3/rosetta_v06_01285_Sierpinski-triangle_sierpinski-triangle-2_stripped.asm.json with 129 instructions.
Wrote data/build/linux/O3/rosetta_v06_00313_Count-in-factors_count-in-factors_stripped.asm.json with 235 instructions.
Wrote data/build/linux/O3/rosetta_v06_00224_Casting-out-nines_casting-out-nines_stripped.asm.json with 132 instructions.
Wrote data/build/linux/O3/rosetta_v06_01010_Pangram-checker_pangram-checker-2_stripped.asm.json with 173 instructions.
Wrote data/build/linux/O3/rosetta_v06_01043_Percolation-Bond-percolation_percolation-bond-percolation_stripped.asm.json with 642 instructions.
Wrote data/build/linux/O3/rosetta_v06_00283_Compile-time-calculation_compile-time-calculation-2_stripped.asm.json with 86 instructions.
Wrote data/build/linux/O3/rosetta_v06_01519_URL-decoding_url-decoding_stripped.asm.json with 227 instructions.
Wrote data/build/linux/O3/rosetta_v06_01197_Repeat_repeat_stripped.asm.json with 127 instructions.
Wrote data/build/linux/O3/rosetta_v06_01103_Prime-decomposition_prime-decomposition-3_stripped.asm.json with 460 instructions.
Wrote data/build/linux/O3/rosetta_v06_01600_Write-to-Windows-event-log_write-to-windows-event-log_stripped.asm.json with 107 instructions.
Wrote data/build/linux/O3/rosetta_v06_00505_File-input-output_file-input-output-1_stripped.asm.json with 138 instructions.
Wrote data/build/linux/O3/rosetta_v06_01617_Yin-and-yang_yin-and-yang_stripped.asm.json with 108 instructions.
Wrote data/build/linux/O3/rosetta_v06_00542_FizzBuzz_fizzbuzz-4_stripped.asm.json with 157 instructions.
Wrote data/build/linux/O3/rosetta_v06_00292_Concurrent-computing_concurrent-computing-1_stripped.asm.json with 211 instructions.
Wrote data/build/linux/O3/rosetta_v06_00939_N-queens-problem_n-queens-problem-2_stripped.asm.json with 1715 instructions.
Wrote data/build/linux/O3/rosetta_v06_00810_Loops-Foreach_loops-foreach-2_stripped.asm.json with 109 instructions.
Wrote data/build/linux/O3/rosetta_v06_01022_Parsing-RPN-calculator-algorithm_parsing-rpn-calculator-algorithm-1_stripped.asm.json with 365 instructions.
Wrote data/build/linux/O3/rosetta_v06_01342_Sorting-algorithms-Pancake-sort_sorting-algorithms-pancake-sort-2_stripped.asm.json with 80 instructions.
Wrote data/build/linux/O3/rosetta_v06_00435_Environment-variables_environment-variables_stripped.asm.json with 98 instructions.
Wrote data/build/linux/O3/rosetta_v06_00644_Harmonic-series_harmonic-series_stripped.asm.json with 166 instructions.
Wrote data/build/linux/O3/rosetta_v06_01470_Terminal-control-Unicode-output_terminal-control-unicode-output_stripped.asm.json with 105 instructions.
Wrote data/build/linux/O3/rosetta_v06_01161_Random-number-generator-device-_random-number-generator-device--2_stripped.asm.json with 90 instructions.
Wrote data/build/linux/O3/rosetta_v06_00432_Entropy-Narcissist_entropy-narcissist-1_stripped.asm.json with 221 instructions.
Wrote data/build/linux/O3/rosetta_v06_00548_Flipping-bits-game_flipping-bits-game_stripped.asm.json with 611 instructions.
Wrote data/build/linux/O3/rosetta_v06_00821_Loops-Nested_loops-nested-2_stripped.asm.json with 154 instructions.
Wrote data/build/linux/O3/rosetta_v06_00646_Hash-from-two-arrays_hash-from-two-arrays_stripped.asm.json with 430 instructions.
Wrote data/build/linux/O3/rosetta_v06_00114_Atomic-updates_atomic-updates-1_stripped.asm.json with 576 instructions.
Wrote data/build/linux/O3/rosetta_v06_00664_Higher-order-functions_higher-order-functions-1_stripped.asm.json with 71 instructions.
Wrote data/build/linux/O3/rosetta_v06_01402_String-length_string-length-3_stripped.asm.json with 74 instructions.
Wrote data/build/linux/O3/rosetta_v06_01140_Pythagorean-triples_pythagorean-triples-1_stripped.asm.json with 164 instructions.
Wrote data/build/linux/O3/rosetta_v06_01409_Strip-a-set-of-characters-from-a-string_strip-a-set-of-characters-from-a-string-2_stripped.asm.json with 153 instructions.
Wrote data/build/linux/O3/rosetta_v06_01310_Smith-numbers_smith-numbers_stripped.asm.json with 347 instructions.
Wrote data/build/linux/O3/rosetta_v06_00552_Floyds-triangle_floyds-triangle_stripped.asm.json with 160 instructions.
Wrote data/build/linux/O3/rosetta_v06_00777_Levenshtein-distance_levenshtein-distance-2_stripped.asm.json with 320 instructions.
Wrote data/build/linux/O3/rosetta_v06_00946_Naming-conventions_naming-conventions-3_stripped.asm.json with 60 instructions.
Wrote data/build/linux/O3/rosetta_v06_01493_Tokenize-a-string-with-escaping_tokenize-a-string-with-escaping_stripped.asm.json with 255 instructions.
Wrote data/build/linux/O3/rosetta_v06_01247_Search-in-paragraphs-text_search-in-paragraphs-text_stripped.asm.json with 323 instructions.
Wrote data/build/linux/O3/rosetta_v06_00146_Binary-search_binary-search_stripped.asm.json with 164 instructions.
Wrote data/build/linux/O3/rosetta_v06_01327_Sorting-algorithms-Bogosort_sorting-algorithms-bogosort_stripped.asm.json with 224 instructions.
Wrote data/build/linux/O3/rosetta_v06_01437_Sum-to-100_sum-to-100-2_stripped.asm.json with 3223 instructions.
Wrote data/build/linux/O3/rosetta_v06_01372_Stack_stack-2_stripped.asm.json with 202 instructions.
Wrote data/build/linux/O3/rosetta_v06_00758_Lah-numbers_lah-numbers_stripped.asm.json with 278 instructions.
Wrote data/build/linux/O3/rosetta_v06_00333_Create-an-object-at-a-given-address_create-an-object-at-a-given-address-1_stripped.asm.json with 100 instructions.
Wrote data/build/linux/O3/rosetta_v06_00747_Knapsack-problem-Unbounded_knapsack-problem-unbounded_stripped.asm.json with 214 instructions.
Wrote data/build/linux/O3/rosetta_v06_01576_Water-collected-between-towers_water-collected-between-towers_stripped.asm.json with 434 instructions.
Wrote data/build/linux/O3/rosetta_v06_00206_CUSIP_cusip_stripped.asm.json with 745 instructions.
Wrote data/build/linux/O3/rosetta_v06_00466_Exponentiation-order_exponentiation-order_stripped.asm.json with 90 instructions.
Wrote data/build/linux/O3/rosetta_v06_00093_Arithmetic-numbers_arithmetic-numbers_stripped.asm.json with 268 instructions.
Wrote data/build/linux/O3/rosetta_v06_01442_Superpermutation-minimisation_superpermutation-minimisation_stripped.asm.json with 531 instructions.
Wrote data/build/linux/O3/rosetta_v06_00393_Dot-product_dot-product_stripped.asm.json with 152 instructions.
Wrote data/build/linux/O3/rosetta_v06_01266_Set-consolidation_set-consolidation-1_stripped.asm.json with 206 instructions.
Wrote data/build/linux/O3/rosetta_v06_01287_Sierpinski-triangle-Graphical_sierpinski-triangle-graphical_stripped.asm.json with 461 instructions.
Wrote data/build/linux/O3/rosetta_v06_00600_Golden-ratio-Convergence_golden-ratio-convergence_stripped.asm.json with 145 instructions.
Wrote data/build/linux/O3/rosetta_v06_01130_Pseudo-random-numbers-Middle-square-method_pseudo-random-numbers-middle-square-method_stripped.asm.json with 133 instructions.
Wrote data/build/linux/O3/rosetta_v06_01098_Pragmatic-directives_pragmatic-directives_stripped.asm.json with 89 instructions.
Wrote data/build/linux/O3/rosetta_v06_00940_N-queens-problem_n-queens-problem-4_stripped.asm.json with 260 instructions.
Wrote data/build/linux/O3/rosetta_v06_01494_Tonelli-Shanks-algorithm_tonelli-shanks-algorithm-2_stripped.asm.json with 395 instructions.
Wrote data/build/linux/O3/rosetta_v06_00088_Arithmetic-Rational_arithmetic-rational_stripped.asm.json with 560 instructions.
Wrote data/build/linux/O3/rosetta_v06_00735_Kaprekar-numbers_kaprekar-numbers-1_stripped.asm.json with 657 instructions.
Wrote data/build/linux/O3/rosetta_v06_00778_Levenshtein-distance-Alignment_levenshtein-distance-alignment_stripped.asm.json with 302 instructions.
Wrote data/build/linux/O3/rosetta_v06_00189_Box-the-compass_box-the-compass_stripped.asm.json with 121 instructions.
Wrote data/build/linux/O3/rosetta_v06_01615_Y-combinator_y-combinator_stripped.asm.json with 297 instructions.
Wrote data/build/linux/O3/rosetta_v06_01563_Verify-distribution-uniformity-Chi-squared-test_verify-distribution-uniformity-chi-squared-test-1_stripped.asm.json with 315 instructions.
Wrote data/build/linux/O3/rosetta_v06_00440_Ethiopian-multiplication_ethiopian-multiplication_stripped.asm.json with 170 instructions.
Wrote data/build/linux/O3/rosetta_v06_00318_Count-the-coins_count-the-coins-1_stripped.asm.json with 531 instructions.
Wrote data/build/linux/O3/rosetta_v06_01590_Word-wheel_word-wheel_stripped.asm.json with 237 instructions.
Wrote data/build/linux/O3/rosetta_v06_00696_Increment-a-numerical-string_increment-a-numerical-string_stripped.asm.json with 316 instructions.
Wrote data/build/linux/O3/rosetta_v06_00865_Maximum-triangle-path-sum_maximum-triangle-path-sum_stripped.asm.json with 110 instructions.
Wrote data/build/linux/O3/rosetta_v06_00326_Create-a-two-dimensional-array-at-runtime_create-a-two-dimensional-array-at-runtime-4_stripped.asm.json with 219 instructions.
Wrote data/build/linux/O3/rosetta_v06_01554_Variables_variables-1_stripped.asm.json with 60 instructions.
Wrote data/build/linux/O3/rosetta_v06_00013_21-game_21-game_stripped.asm.json with 279 instructions.
Wrote data/build/linux/O3/rosetta_v06_00919_Multiplication-tables_multiplication-tables_stripped.asm.json with 147 instructions.
Wrote data/build/linux/O3/rosetta_v06_01436_Sum-to-100_sum-to-100-1_stripped.asm.json with 1583 instructions.
Wrote data/build/linux/O3/rosetta_v06_01330_Sorting-algorithms-Cocktail-sort_sorting-algorithms-cocktail-sort-3_stripped.asm.json with 572 instructions.
Wrote data/build/linux/O3/rosetta_v06_01466_Terminal-control-Inverse-video_terminal-control-inverse-video_stripped.asm.json with 85 instructions.
Wrote data/build/linux/O3/rosetta_v06_01034_Pascals-triangle-Puzzle_pascals-triangle-puzzle-2_stripped.asm.json with 398 instructions.
Wrote data/build/linux/O3/rosetta_v06_00061_Anagrams_anagrams-1_stripped.asm.json with 444 instructions.
Wrote data/build/linux/O3/rosetta_v06_00864_Matrix-transposition_matrix-transposition-2_stripped.asm.json with 278 instructions.
Wrote data/build/linux/O3/rosetta_v06_01209_Rock-paper-scissors_rock-paper-scissors-1_stripped.asm.json with 215 instructions.
Wrote data/build/linux/O3/rosetta_v06_01516_Two-bullet-roulette_two-bullet-roulette_stripped.asm.json with 348 instructions.
Wrote data/build/linux/O3/rosetta_v06_01385_Stem-and-leaf-plot_stem-and-leaf-plot-1_stripped.asm.json with 182 instructions.
Wrote data/build/linux/O3/rosetta_v06_00209_Calculating-the-value-of-e_calculating-the-value-of-e-1_stripped.asm.json with 128 instructions.
Wrote data/build/linux/O3/rosetta_v06_01508_Trigonometric-functions_trigonometric-functions_stripped.asm.json with 113 instructions.
Wrote data/build/linux/O3/rosetta_v06_00285_Compiler-code-generator_compiler-code-generator_stripped.asm.json with 2049 instructions.
Wrote data/build/linux/O3/rosetta_v06_00501_Fibonacci-word_fibonacci-word_stripped.asm.json with 506 instructions.
Wrote data/build/linux/O3/rosetta_v06_01518_UPC_upc_stripped.asm.json with 589 instructions.
Wrote data/build/linux/O3/rosetta_v06_01309_Smarandache-prime-digital-sequence_smarandache-prime-digital-sequence_stripped.asm.json with 545 instructions.
>>> source .venv/bin/activate && python scripts/train_models_v06_tuned.py --split splits/v06.json --train_opts O0,O1,O2 --out_dir models --tag v06g
Traceback (most recent call last):
  File "/home/nelson/fyp/objdump_ml_starter/scripts/train_models_v06_tuned.py", line 9, in <module>
    from features import candidate_addresses, featurize_point, get_feature_keys
ModuleNotFoundError: No module named 'features'
>>> source .venv/bin/activate && PYTHONPATH=src python scripts/train_models_v06_tuned.py --split splits/v06.json --train_opts O0,O1,O2 --out_dir models --tag v06g
/home/nelson/fyp/objdump_ml_starter/.venv/lib/python3.13/site-packages/sklearn/linear_model/_logistic.py:473: ConvergenceWarning: lbfgs failed to converge after 2000 iteration(s) (status=1):
STOP: TOTAL NO. OF ITERATIONS REACHED LIMIT

Increase the number of iterations to improve the convergence (max_iter=2000).
You might also want to scale the data as shown in:
    https://scikit-learn.org/stable/modules/preprocessing.html
Please also refer to the documentation for alternative solver options:
    https://scikit-learn.org/stable/modules/linear_model.html#logistic-regression
  n_iter_i = _check_optimize_result(
Train set: total=82821 pos=8534 neg=74287
LogReg log-loss=0.1931
RF log-loss=0.0113
XGB log-loss=0.0177
>>> for thr in 0.20 0.25 0.30 0.33 0.35 0.40 0.45 0.50 0.55; do THRESH= POST_FILTER=on MODEL_PATH=models/start_detector_v06g_xgb.joblib BIN_LIST=out/binlist_test_O3_stripped.txt src/run_batch_predict.sh; cp out/summary.tsv out/summary_thr_v06g_xgb_O3_.tsv; done
>>> PYTHONPATH=src python tools/aggregate_macros_v06.py --patterns out/summary_thr_v06g_xgb_O3_{thr}.tsv --thresholds 0.20 0.25 0.30 0.33 0.35 0.40 0.45 0.50 0.55 --out out/macro_v06g_xgb_O3.tsv
Traceback (most recent call last):
  File "/home/nelson/fyp/objdump_ml_starter/tools/aggregate_macros_v06.py", line 47, in <module>
    main()
    ~~~~^^
  File "/home/nelson/fyp/objdump_ml_starter/tools/aggregate_macros_v06.py", line 31, in main
    macroP, macroR, macroF1 = compute_macro(path)
                              ~~~~~~~~~~~~~^^^^^^
  File "/home/nelson/fyp/objdump_ml_starter/tools/aggregate_macros_v06.py", line 15, in compute_macro
    return statistics.mean(p_vals), statistics.mean(r_vals), statistics.mean(f_vals)
           ~~~~~~~~~~~~~~~^^^^^^^^
  File "/usr/lib/python3.13/statistics.py", line 490, in mean
    raise StatisticsError('mean requires at least one data point')
statistics.StatisticsError: mean requires at least one data point
>>> source .venv/bin/activate && for thr in 0.20 0.25 0.30 0.33 0.35 0.40 0.45 0.50 0.55; do THRESH= POST_FILTER=on MODEL_PATH=models/start_detector_v06g_xgb.joblib BIN_LIST=out/binlist_test_O3_stripped.txt src/run_batch_predict.sh; cp out/summary.tsv out/summary_thr_v06g_xgb_O3_.tsv; done
>>> kill 12191 12195 12197
>>> head -n 30 out/binlist_test_O3_stripped.txt > out/binlist_test_O3_small.txt
>>> source .venv/bin/activate && for thr in 0.25 0.30 0.35 0.40; do THRESH= POST_FILTER=on MODEL_PATH=models/start_detector_v06g_xgb.joblib BIN_LIST=out/binlist_test_O3_small.txt src/run_batch_predict.sh; cp out/summary.tsv out/summary_thr_v06g_xgb_O3_small_.tsv; done
file	TP	FP	FN	P	R	F1	mean_err	median_err
rosetta_v06_00064_Angles-geometric-normalization-and-conversion_angles-geometric-normalization-and-conversion	11	0	11	1.000	0.500	0.667	0.0	0.0
rosetta_v06_00120_Averages-Median_averages-median-1	11	0	1	1.000	0.917	0.957	0.0	0.0
rosetta_v06_00014_24-game_24-game	22	5	4	0.815	0.846	0.830	0.0	0.0
rosetta_v06_01593_World-Cup-group-stage_world-cup-group-stage	11	4	1	0.733	0.917	0.815	0.0	0.0
rosetta_v06_01205_Reverse-a-string_reverse-a-string-1	13	0	1	1.000	0.929	0.963	0.0	0.0
rosetta_v06_00471_Extensible-prime-generator_extensible-prime-generator-1	12	2	1	0.857	0.923	0.889	0.0	0.0
rosetta_v06_01204_Return-multiple-values_return-multiple-values-2	10	0	1	1.000	0.909	0.952	0.0	0.0
rosetta_v06_00043_Ackermann-function_ackermann-function-1	10	1	1	0.909	0.909	0.909	0.0	0.0
rosetta_v06_00692_Imaginary-base-numbers_imaginary-base-numbers	17	7	7	0.708	0.708	0.708	0.1	0.0
rosetta_v06_00131_Balanced-brackets_balanced-brackets-1	13	2	1	0.867	0.929	0.897	0.3	0.0
rosetta_v06_00924_Munching-squares_munching-squares	10	0	1	1.000	0.909	0.952	0.0	0.0
rosetta_v06_01059_Permutations-Derangements_permutations-derangements	14	3	1	0.824	0.933	0.875	0.0	0.0
rosetta_v06_00897_Mind-boggling-card-trick_mind-boggling-card-trick	13	2	2	0.867	0.867	0.867	0.0	0.0
rosetta_v06_00764_Last-Friday-of-each-month_last-friday-of-each-month	8	1	2	0.889	0.800	0.842	1.0	0.0
rosetta_v06_01597_Write-float-arrays-to-a-text-file_write-float-arrays-to-a-text-file-1	8	0	2	1.000	0.800	0.889	1.0	0.0
rosetta_v06_01489_Tic-tac-toe_tic-tac-toe	13	2	2	0.867	0.867	0.867	0.0	0.0
rosetta_v06_00638_Halt-and-catch-fire_halt-and-catch-fire	8	0	2	1.000	0.800	0.889	1.0	0.0
rosetta_v06_00411_Dutch-national-flag-problem_dutch-national-flag-problem	11	1	2	0.917	0.846	0.880	0.0	0.0
rosetta_v06_01438_Summarize-and-say-sequence_summarize-and-say-sequence	13	2	1	0.867	0.929	0.897	0.0	0.0
rosetta_v06_00866_Mayan-numerals_mayan-numerals	11	3	2	0.786	0.846	0.815	0.0	0.0
rosetta_v06_01242_Scope-Function-names-and-labels_scope-function-names-and-labels	9	0	2	1.000	0.818	0.900	0.4	0.0
rosetta_v06_01498_Topological-sort_topological-sort-1	13	0	1	1.000	0.929	0.963	0.4	0.0
rosetta_v06_00973_Numbers-which-are-the-cube-roots-of-the-product-of-their-proper-divisors_numbers-which-are-the-cube-roots-of-the-product-of-their-proper-divisors	10	1	1	0.909	0.909	0.909	0.0	0.0
rosetta_v06_00262_Combinations_combinations-2	10	1	1	0.909	0.909	0.909	0.0	0.0
rosetta_v06_00257_Colorful-numbers_colorful-numbers	11	3	1	0.786	0.917	0.846	0.0	0.0
rosetta_v06_00141_Best-shuffle_best-shuffle-1	12	4	4	0.750	0.750	0.750	0.0	0.0
rosetta_v06_00995_Ordered-words_ordered-words-3	10	2	2	0.833	0.833	0.833	0.0	0.0
rosetta_v06_01564_Verify-distribution-uniformity-Naive_verify-distribution-uniformity-naive	10	1	1	0.909	0.909	0.909	0.0	0.0
rosetta_v06_00493_Feigenbaum-constant-calculation_feigenbaum-constant-calculation	10	1	1	0.909	0.909	0.909	0.0	0.0
rosetta_v06_00118_Averages-Mean-angle_averages-mean-angle	8	0	1	1.000	0.889	0.941	0.0	0.0
file	TP	FP	FN	P	R	F1	mean_err	median_err
rosetta_v06_00064_Angles-geometric-normalization-and-conversion_angles-geometric-normalization-and-conversion	9	0	13	1.000	0.409	0.581	0.0	0.0
rosetta_v06_00120_Averages-Median_averages-median-1	11	0	1	1.000	0.917	0.957	0.0	0.0
rosetta_v06_00014_24-game_24-game	22	3	4	0.880	0.846	0.863	0.0	0.0
rosetta_v06_01593_World-Cup-group-stage_world-cup-group-stage	11	3	1	0.786	0.917	0.846	0.0	0.0
rosetta_v06_01205_Reverse-a-string_reverse-a-string-1	12	0	2	1.000	0.857	0.923	0.0	0.0
rosetta_v06_00471_Extensible-prime-generator_extensible-prime-generator-1	12	2	1	0.857	0.923	0.889	0.0	0.0
rosetta_v06_01204_Return-multiple-values_return-multiple-values-2	10	0	1	1.000	0.909	0.952	0.0	0.0
rosetta_v06_00043_Ackermann-function_ackermann-function-1	10	1	1	0.909	0.909	0.909	0.0	0.0
rosetta_v06_00692_Imaginary-base-numbers_imaginary-base-numbers	17	5	7	0.773	0.708	0.739	0.1	0.0
rosetta_v06_00131_Balanced-brackets_balanced-brackets-1	13	2	1	0.867	0.929	0.897	0.3	0.0
rosetta_v06_00924_Munching-squares_munching-squares	10	0	1	1.000	0.909	0.952	0.0	0.0
rosetta_v06_01059_Permutations-Derangements_permutations-derangements	14	2	1	0.875	0.933	0.903	0.0	0.0
rosetta_v06_00897_Mind-boggling-card-trick_mind-boggling-card-trick	13	2	2	0.867	0.867	0.867	0.0	0.0
rosetta_v06_00764_Last-Friday-of-each-month_last-friday-of-each-month	8	1	2	0.889	0.800	0.842	1.0	0.0
rosetta_v06_01597_Write-float-arrays-to-a-text-file_write-float-arrays-to-a-text-file-1	8	0	2	1.000	0.800	0.889	1.0	0.0
rosetta_v06_01489_Tic-tac-toe_tic-tac-toe	13	2	2	0.867	0.867	0.867	0.0	0.0
rosetta_v06_00638_Halt-and-catch-fire_halt-and-catch-fire	8	0	2	1.000	0.800	0.889	1.0	0.0
rosetta_v06_00411_Dutch-national-flag-problem_dutch-national-flag-problem	11	1	2	0.917	0.846	0.880	0.0	0.0
rosetta_v06_01438_Summarize-and-say-sequence_summarize-and-say-sequence	13	1	1	0.929	0.929	0.929	0.0	0.0
rosetta_v06_00866_Mayan-numerals_mayan-numerals	11	3	2	0.786	0.846	0.815	0.0	0.0
rosetta_v06_01242_Scope-Function-names-and-labels_scope-function-names-and-labels	9	0	2	1.000	0.818	0.900	0.4	0.0
rosetta_v06_01498_Topological-sort_topological-sort-1	13	0	1	1.000	0.929	0.963	0.4	0.0
rosetta_v06_00973_Numbers-which-are-the-cube-roots-of-the-product-of-their-proper-divisors_numbers-which-are-the-cube-roots-of-the-product-of-their-proper-divisors	10	0	1	1.000	0.909	0.952	0.0	0.0
rosetta_v06_00262_Combinations_combinations-2	10	1	1	0.909	0.909	0.909	0.0	0.0
rosetta_v06_00257_Colorful-numbers_colorful-numbers	11	2	1	0.846	0.917	0.880	0.0	0.0
rosetta_v06_00141_Best-shuffle_best-shuffle-1	12	4	4	0.750	0.750	0.750	0.0	0.0
rosetta_v06_00995_Ordered-words_ordered-words-3	10	2	2	0.833	0.833	0.833	0.0	0.0
rosetta_v06_01564_Verify-distribution-uniformity-Naive_verify-distribution-uniformity-naive	10	1	1	0.909	0.909	0.909	0.0	0.0
rosetta_v06_00493_Feigenbaum-constant-calculation_feigenbaum-constant-calculation	10	0	1	1.000	0.909	0.952	0.0	0.0
rosetta_v06_00118_Averages-Mean-angle_averages-mean-angle	8	0	1	1.000	0.889	0.941	0.0	0.0
file	TP	FP	FN	P	R	F1	mean_err	median_err
rosetta_v06_00064_Angles-geometric-normalization-and-conversion_angles-geometric-normalization-and-conversion	9	0	13	1.000	0.409	0.581	0.0	0.0
rosetta_v06_00120_Averages-Median_averages-median-1	11	0	1	1.000	0.917	0.957	0.0	0.0
rosetta_v06_00014_24-game_24-game	21	3	5	0.875	0.808	0.840	0.0	0.0
rosetta_v06_01593_World-Cup-group-stage_world-cup-group-stage	11	2	1	0.846	0.917	0.880	0.0	0.0
rosetta_v06_01205_Reverse-a-string_reverse-a-string-1	12	0	2	1.000	0.857	0.923	0.0	0.0
rosetta_v06_00471_Extensible-prime-generator_extensible-prime-generator-1	12	2	1	0.857	0.923	0.889	0.0	0.0
rosetta_v06_01204_Return-multiple-values_return-multiple-values-2	10	0	1	1.000	0.909	0.952	0.0	0.0
rosetta_v06_00043_Ackermann-function_ackermann-function-1	10	1	1	0.909	0.909	0.909	0.0	0.0
rosetta_v06_00692_Imaginary-base-numbers_imaginary-base-numbers	16	4	8	0.800	0.667	0.727	0.1	0.0
rosetta_v06_00131_Balanced-brackets_balanced-brackets-1	13	2	1	0.867	0.929	0.897	0.3	0.0
rosetta_v06_00924_Munching-squares_munching-squares	10	0	1	1.000	0.909	0.952	0.0	0.0
rosetta_v06_01059_Permutations-Derangements_permutations-derangements	14	2	1	0.875	0.933	0.903	0.0	0.0
rosetta_v06_00897_Mind-boggling-card-trick_mind-boggling-card-trick	13	2	2	0.867	0.867	0.867	0.0	0.0
rosetta_v06_00764_Last-Friday-of-each-month_last-friday-of-each-month	8	1	2	0.889	0.800	0.842	1.0	0.0
rosetta_v06_01597_Write-float-arrays-to-a-text-file_write-float-arrays-to-a-text-file-1	8	0	2	1.000	0.800	0.889	1.0	0.0
rosetta_v06_01489_Tic-tac-toe_tic-tac-toe	13	2	2	0.867	0.867	0.867	0.0	0.0
rosetta_v06_00638_Halt-and-catch-fire_halt-and-catch-fire	8	0	2	1.000	0.800	0.889	1.0	0.0
rosetta_v06_00411_Dutch-national-flag-problem_dutch-national-flag-problem	11	1	2	0.917	0.846	0.880	0.0	0.0
rosetta_v06_01438_Summarize-and-say-sequence_summarize-and-say-sequence	13	1	1	0.929	0.929	0.929	0.0	0.0
rosetta_v06_00866_Mayan-numerals_mayan-numerals	11	2	2	0.846	0.846	0.846	0.0	0.0
rosetta_v06_01242_Scope-Function-names-and-labels_scope-function-names-and-labels	9	0	2	1.000	0.818	0.900	0.4	0.0
rosetta_v06_01498_Topological-sort_topological-sort-1	13	0	1	1.000	0.929	0.963	0.4	0.0
rosetta_v06_00973_Numbers-which-are-the-cube-roots-of-the-product-of-their-proper-divisors_numbers-which-are-the-cube-roots-of-the-product-of-their-proper-divisors	10	0	1	1.000	0.909	0.952	0.0	0.0
rosetta_v06_00262_Combinations_combinations-2	10	1	1	0.909	0.909	0.909	0.0	0.0
rosetta_v06_00257_Colorful-numbers_colorful-numbers	11	1	1	0.917	0.917	0.917	0.0	0.0
rosetta_v06_00141_Best-shuffle_best-shuffle-1	12	3	4	0.800	0.750	0.774	0.0	0.0
rosetta_v06_00995_Ordered-words_ordered-words-3	10	2	2	0.833	0.833	0.833	0.0	0.0
rosetta_v06_01564_Verify-distribution-uniformity-Naive_verify-distribution-uniformity-naive	10	0	1	1.000	0.909	0.952	0.0	0.0
rosetta_v06_00493_Feigenbaum-constant-calculation_feigenbaum-constant-calculation	10	0	1	1.000	0.909	0.952	0.0	0.0
rosetta_v06_00118_Averages-Mean-angle_averages-mean-angle	8	0	1	1.000	0.889	0.941	0.0	0.0
file	TP	FP	FN	P	R	F1	mean_err	median_err
rosetta_v06_00064_Angles-geometric-normalization-and-conversion_angles-geometric-normalization-and-conversion	8	0	14	1.000	0.364	0.533	0.0	0.0
rosetta_v06_00120_Averages-Median_averages-median-1	11	0	1	1.000	0.917	0.957	0.0	0.0
rosetta_v06_00014_24-game_24-game	21	3	5	0.875	0.808	0.840	0.0	0.0
rosetta_v06_01593_World-Cup-group-stage_world-cup-group-stage	11	2	1	0.846	0.917	0.880	0.0	0.0
rosetta_v06_01205_Reverse-a-string_reverse-a-string-1	12	0	2	1.000	0.857	0.923	0.0	0.0
rosetta_v06_00471_Extensible-prime-generator_extensible-prime-generator-1	12	2	1	0.857	0.923	0.889	0.0	0.0
rosetta_v06_01204_Return-multiple-values_return-multiple-values-2	10	0	1	1.000	0.909	0.952	0.0	0.0
rosetta_v06_00043_Ackermann-function_ackermann-function-1	10	1	1	0.909	0.909	0.909	0.0	0.0
rosetta_v06_00692_Imaginary-base-numbers_imaginary-base-numbers	15	4	9	0.789	0.625	0.698	0.1	0.0
rosetta_v06_00131_Balanced-brackets_balanced-brackets-1	13	2	1	0.867	0.929	0.897	0.3	0.0
rosetta_v06_00924_Munching-squares_munching-squares	10	0	1	1.000	0.909	0.952	0.0	0.0
rosetta_v06_01059_Permutations-Derangements_permutations-derangements	14	2	1	0.875	0.933	0.903	0.0	0.0
rosetta_v06_00897_Mind-boggling-card-trick_mind-boggling-card-trick	13	2	2	0.867	0.867	0.867	0.0	0.0
rosetta_v06_00764_Last-Friday-of-each-month_last-friday-of-each-month	8	1	2	0.889	0.800	0.842	1.0	0.0
rosetta_v06_01597_Write-float-arrays-to-a-text-file_write-float-arrays-to-a-text-file-1	8	0	2	1.000	0.800	0.889	1.0	0.0
rosetta_v06_01489_Tic-tac-toe_tic-tac-toe	13	1	2	0.929	0.867	0.897	0.0	0.0
rosetta_v06_00638_Halt-and-catch-fire_halt-and-catch-fire	8	0	2	1.000	0.800	0.889	1.0	0.0
rosetta_v06_00411_Dutch-national-flag-problem_dutch-national-flag-problem	11	1	2	0.917	0.846	0.880	0.0	0.0
rosetta_v06_01438_Summarize-and-say-sequence_summarize-and-say-sequence	13	1	1	0.929	0.929	0.929	0.0	0.0
rosetta_v06_00866_Mayan-numerals_mayan-numerals	11	2	2	0.846	0.846	0.846	0.0	0.0
rosetta_v06_01242_Scope-Function-names-and-labels_scope-function-names-and-labels	9	0	2	1.000	0.818	0.900	0.4	0.0
rosetta_v06_01498_Topological-sort_topological-sort-1	13	0	1	1.000	0.929	0.963	0.4	0.0
rosetta_v06_00973_Numbers-which-are-the-cube-roots-of-the-product-of-their-proper-divisors_numbers-which-are-the-cube-roots-of-the-product-of-their-proper-divisors	10	0	1	1.000	0.909	0.952	0.0	0.0
rosetta_v06_00262_Combinations_combinations-2	10	1	1	0.909	0.909	0.909	0.0	0.0
rosetta_v06_00257_Colorful-numbers_colorful-numbers	11	1	1	0.917	0.917	0.917	0.0	0.0
rosetta_v06_00141_Best-shuffle_best-shuffle-1	12	1	4	0.923	0.750	0.828	0.0	0.0
rosetta_v06_00995_Ordered-words_ordered-words-3	10	1	2	0.909	0.833	0.870	0.0	0.0
rosetta_v06_01564_Verify-distribution-uniformity-Naive_verify-distribution-uniformity-naive	10	0	1	1.000	0.909	0.952	0.0	0.0
rosetta_v06_00493_Feigenbaum-constant-calculation_feigenbaum-constant-calculation	10	0	1	1.000	0.909	0.952	0.0	0.0
rosetta_v06_00118_Averages-Mean-angle_averages-mean-angle	8	0	1	1.000	0.889	0.941	0.0	0.0
>>> python tools/aggregate_macros_v06.py --patterns out/summary_thr_v06g_xgb_O3_small_{thr}.tsv --thresholds 0.25 0.30 0.35 0.40 --out out/macro_v06g_xgb_O3_small.tsv
Best summary_thr_v06g_xgb_O3_small_: thr=0.40 MacroF1=0.885 MacroR=0.851
>>> source .venv/bin/activate && THRESH=0.40 POST_FILTER=on MODEL_PATH=models/start_detector_v06g_xgb.joblib BIN_LIST=out/binlist_test_O3_stripped.txt src/run_batch_predict.sh
file	TP	FP	FN	P	R	F1	mean_err	median_err
rosetta_v06_00064_Angles-geometric-normalization-and-conversion_angles-geometric-normalization-and-conversion	8	0	14	1.000	0.364	0.533	0.0	0.0
rosetta_v06_00120_Averages-Median_averages-median-1	11	0	1	1.000	0.917	0.957	0.0	0.0
rosetta_v06_00014_24-game_24-game	21	3	5	0.875	0.808	0.840	0.0	0.0
rosetta_v06_01593_World-Cup-group-stage_world-cup-group-stage	11	2	1	0.846	0.917	0.880	0.0	0.0
rosetta_v06_01205_Reverse-a-string_reverse-a-string-1	12	0	2	1.000	0.857	0.923	0.0	0.0
rosetta_v06_00471_Extensible-prime-generator_extensible-prime-generator-1	12	2	1	0.857	0.923	0.889	0.0	0.0
rosetta_v06_01204_Return-multiple-values_return-multiple-values-2	10	0	1	1.000	0.909	0.952	0.0	0.0
rosetta_v06_00043_Ackermann-function_ackermann-function-1	10	1	1	0.909	0.909	0.909	0.0	0.0
rosetta_v06_00692_Imaginary-base-numbers_imaginary-base-numbers	15	4	9	0.789	0.625	0.698	0.1	0.0
rosetta_v06_00131_Balanced-brackets_balanced-brackets-1	13	2	1	0.867	0.929	0.897	0.3	0.0
rosetta_v06_00924_Munching-squares_munching-squares	10	0	1	1.000	0.909	0.952	0.0	0.0
rosetta_v06_01059_Permutations-Derangements_permutations-derangements	14	2	1	0.875	0.933	0.903	0.0	0.0
rosetta_v06_00897_Mind-boggling-card-trick_mind-boggling-card-trick	13	2	2	0.867	0.867	0.867	0.0	0.0
rosetta_v06_00764_Last-Friday-of-each-month_last-friday-of-each-month	8	1	2	0.889	0.800	0.842	1.0	0.0
rosetta_v06_01597_Write-float-arrays-to-a-text-file_write-float-arrays-to-a-text-file-1	8	0	2	1.000	0.800	0.889	1.0	0.0
rosetta_v06_01489_Tic-tac-toe_tic-tac-toe	13	1	2	0.929	0.867	0.897	0.0	0.0
rosetta_v06_00638_Halt-and-catch-fire_halt-and-catch-fire	8	0	2	1.000	0.800	0.889	1.0	0.0
rosetta_v06_00411_Dutch-national-flag-problem_dutch-national-flag-problem	11	1	2	0.917	0.846	0.880	0.0	0.0
rosetta_v06_01438_Summarize-and-say-sequence_summarize-and-say-sequence	13	1	1	0.929	0.929	0.929	0.0	0.0
rosetta_v06_00866_Mayan-numerals_mayan-numerals	11	2	2	0.846	0.846	0.846	0.0	0.0
rosetta_v06_01242_Scope-Function-names-and-labels_scope-function-names-and-labels	9	0	2	1.000	0.818	0.900	0.4	0.0
rosetta_v06_01498_Topological-sort_topological-sort-1	13	0	1	1.000	0.929	0.963	0.4	0.0
rosetta_v06_00973_Numbers-which-are-the-cube-roots-of-the-product-of-their-proper-divisors_numbers-which-are-the-cube-roots-of-the-product-of-their-proper-divisors	10	0	1	1.000	0.909	0.952	0.0	0.0
rosetta_v06_00262_Combinations_combinations-2	10	1	1	0.909	0.909	0.909	0.0	0.0
rosetta_v06_00257_Colorful-numbers_colorful-numbers	11	1	1	0.917	0.917	0.917	0.0	0.0
rosetta_v06_00141_Best-shuffle_best-shuffle-1	12	1	4	0.923	0.750	0.828	0.0	0.0
rosetta_v06_00995_Ordered-words_ordered-words-3	10	1	2	0.909	0.833	0.870	0.0	0.0
rosetta_v06_01564_Verify-distribution-uniformity-Naive_verify-distribution-uniformity-naive	10	0	1	1.000	0.909	0.952	0.0	0.0
rosetta_v06_00493_Feigenbaum-constant-calculation_feigenbaum-constant-calculation	10	0	1	1.000	0.909	0.952	0.0	0.0
rosetta_v06_00118_Averages-Mean-angle_averages-mean-angle	8	0	1	1.000	0.889	0.941	0.0	0.0
rosetta_v06_00629_Guess-the-number_guess-the-number	8	0	2	1.000	0.800	0.889	1.0	0.0
rosetta_v06_00039_Accumulator-factory_accumulator-factory	7	0	4	1.000	0.636	0.778	0.0	0.0
rosetta_v06_00001_100-doors_100-doors-1	8	1	2	0.889	0.800	0.842	1.0	0.0
rosetta_v06_01104_Prime-decomposition_prime-decomposition-4	14	1	2	0.933	0.875	0.903	0.6	0.0
rosetta_v06_00330_Create-a-two-dimensional-array-at-runtime_create-a-two-dimensional-array-at-runtime-1	8	0	2	1.000	0.800	0.889	1.0	0.0
rosetta_v06_00765_Last-letter-first-letter_last-letter-first-letter-1	11	1	1	0.917	0.917	0.917	0.0	0.0
rosetta_v06_01480_Text-processing-Max-licenses-in-use_text-processing-max-licenses-in-use-2	9	0	2	1.000	0.818	0.900	0.9	0.0
rosetta_v06_01599_Write-language-name-in-3D-ASCII_write-language-name-in-3d-ascii	8	0	2	1.000	0.800	0.889	1.0	0.0
rosetta_v06_01532_Unprimeable-numbers_unprimeable-numbers	21	3	7	0.875	0.750	0.808	0.0	0.0
rosetta_v06_01449_Take-notes-on-the-command-line_take-notes-on-the-command-line	8	0	2	1.000	0.800	0.889	1.0	0.0
rosetta_v06_00611_Gotchas_gotchas-8	6	0	1	1.000	0.857	0.923	1.3	0.0
rosetta_v06_01280_Sierpinski-carpet_sierpinski-carpet-3	13	3	2	0.812	0.867	0.839	0.9	0.0
rosetta_v06_00217_Call-an-object-method_call-an-object-method	9	1	2	0.900	0.818	0.857	0.0	0.0
rosetta_v06_01039_Pells-equation_pells-equation	12	0	1	1.000	0.923	0.960	0.0	0.0
rosetta_v06_00365_Descending-primes_descending-primes	10	1	1	0.909	0.909	0.909	0.0	0.0
rosetta_v06_00539_FizzBuzz_fizzbuzz-9	8	0	2	1.000	0.800	0.889	1.0	0.0
rosetta_v06_00006_100-prisoners_100-prisoners	10	3	4	0.769	0.714	0.741	0.8	0.0
rosetta_v06_00890_Middle-three-digits_middle-three-digits-1	10	0	1	1.000	0.909	0.952	0.0	0.0
rosetta_v06_01623_Zhang-Suen-thinning-algorithm_zhang-suen-thinning-algorithm	14	1	3	0.933	0.824	0.875	0.0	0.0
rosetta_v06_01312_Sockets_sockets	8	0	2	1.000	0.800	0.889	1.0	0.0
rosetta_v06_01396_String-comparison_string-comparison-2	11	0	1	1.000	0.917	0.957	0.0	0.0
rosetta_v06_00234_Check-output-device-is-a-terminal_check-output-device-is-a-terminal	8	0	2	1.000	0.800	0.889	1.0	0.0
rosetta_v06_01477_Text-processing-2_text-processing-2	10	1	2	0.909	0.833	0.870	0.0	0.0
rosetta_v06_00023_A+B_a+b-3	8	0	2	1.000	0.800	0.889	1.0	0.0
rosetta_v06_01133_Pseudo-random-numbers-Xorshift-star_pseudo-random-numbers-xorshift-star	9	0	4	1.000	0.692	0.818	0.0	0.0
rosetta_v06_00958_Non-continuous-subsequences_non-continuous-subsequences-3	11	0	1	1.000	0.917	0.957	0.0	0.0
rosetta_v06_01220_Rosetta-Code-Rank-languages-by-popularity_rosetta-code-rank-languages-by-popularity-1	13	0	1	1.000	0.929	0.963	0.0	0.0
rosetta_v06_00781_List-rooted-trees_list-rooted-trees	14	0	1	1.000	0.933	0.966	0.3	0.0
rosetta_v06_00788_Logistic-curve-fitting-in-epidemiology_logistic-curve-fitting-in-epidemiology	12	0	1	1.000	0.923	0.960	0.0	0.0
rosetta_v06_00130_Babbage-problem_babbage-problem	8	0	2	1.000	0.800	0.889	1.0	0.0
rosetta_v06_01393_Stream-merge_stream-merge	10	0	1	1.000	0.909	0.952	0.0	0.0
rosetta_v06_00327_Create-a-two-dimensional-array-at-runtime_create-a-two-dimensional-array-at-runtime-5	8	0	2	1.000	0.800	0.889	1.0	0.0
rosetta_v06_01285_Sierpinski-triangle_sierpinski-triangle-2	7	0	1	1.000	0.875	0.933	0.0	0.0
rosetta_v06_00313_Count-in-factors_count-in-factors	9	4	2	0.692	0.818	0.750	0.0	0.0
rosetta_v06_00224_Casting-out-nines_casting-out-nines	8	0	2	1.000	0.800	0.889	1.0	0.0
rosetta_v06_01010_Pangram-checker_pangram-checker-2	10	0	1	1.000	0.909	0.952	0.0	0.0
rosetta_v06_01043_Percolation-Bond-percolation_percolation-bond-percolation	13	3	2	0.812	0.867	0.839	0.0	0.0
rosetta_v06_00283_Compile-time-calculation_compile-time-calculation-2	8	0	2	1.000	0.800	0.889	1.0	0.0
rosetta_v06_01519_URL-decoding_url-decoding	10	1	1	0.909	0.909	0.909	0.0	0.0
rosetta_v06_01197_Repeat_repeat	10	0	2	1.000	0.833	0.909	0.4	0.0
rosetta_v06_01103_Prime-decomposition_prime-decomposition-3	11	3	1	0.786	0.917	0.846	0.0	0.0
rosetta_v06_01600_Write-to-Windows-event-log_write-to-windows-event-log	8	0	2	1.000	0.800	0.889	1.0	0.0
rosetta_v06_00505_File-input-output_file-input-output-1	8	0	2	1.000	0.800	0.889	1.0	0.0
rosetta_v06_01617_Yin-and-yang_yin-and-yang	10	0	1	1.000	0.909	0.952	0.0	0.0
rosetta_v06_00542_FizzBuzz_fizzbuzz-4	8	0	2	1.000	0.800	0.889	1.0	0.0
rosetta_v06_00292_Concurrent-computing_concurrent-computing-1	12	0	1	1.000	0.923	0.960	0.0	0.0
rosetta_v06_00939_N-queens-problem_n-queens-problem-2	10	4	1	0.714	0.909	0.800	0.0	0.0
rosetta_v06_00810_Loops-Foreach_loops-foreach-2	8	0	2	1.000	0.800	0.889	1.0	0.0
rosetta_v06_01022_Parsing-RPN-calculator-algorithm_parsing-rpn-calculator-algorithm-1	11	2	3	0.846	0.786	0.815	0.0	0.0
rosetta_v06_01342_Sorting-algorithms-Pancake-sort_sorting-algorithms-pancake-sort-2	7	0	0	1.000	1.000	1.000	0.0	0.0
rosetta_v06_00435_Environment-variables_environment-variables	8	0	2	1.000	0.800	0.889	1.0	0.0
rosetta_v06_00644_Harmonic-series_harmonic-series	10	0	1	1.000	0.909	0.952	0.0	0.0
rosetta_v06_01470_Terminal-control-Unicode-output_terminal-control-unicode-output	7	1	1	0.875	0.875	0.875	0.0	0.0
rosetta_v06_01161_Random-number-generator-device-_random-number-generator-device--2	8	0	2	1.000	0.800	0.889	1.0	0.0
rosetta_v06_00432_Entropy-Narcissist_entropy-narcissist-1	11	0	1	1.000	0.917	0.957	0.4	0.0
rosetta_v06_00548_Flipping-bits-game_flipping-bits-game	13	3	4	0.812	0.765	0.788	0.6	0.0
rosetta_v06_00821_Loops-Nested_loops-nested-2	8	0	2	1.000	0.800	0.889	1.0	0.0
rosetta_v06_00646_Hash-from-two-arrays_hash-from-two-arrays	16	2	3	0.889	0.842	0.865	0.0	0.0
rosetta_v06_00114_Atomic-updates_atomic-updates-1	12	2	2	0.857	0.857	0.857	0.0	0.0
rosetta_v06_00664_Higher-order-functions_higher-order-functions-1	7	0	0	1.000	1.000	1.000	0.0	0.0
rosetta_v06_01402_String-length_string-length-3	8	0	2	1.000	0.800	0.889	1.0	0.0
rosetta_v06_01140_Pythagorean-triples_pythagorean-triples-1	8	0	2	1.000	0.800	0.889	1.0	0.0
rosetta_v06_01409_Strip-a-set-of-characters-from-a-string_strip-a-set-of-characters-from-a-string-2	10	1	1	0.909	0.909	0.909	0.0	0.0
rosetta_v06_01310_Smith-numbers_smith-numbers	11	3	4	0.786	0.733	0.759	0.0	0.0
rosetta_v06_00552_Floyds-triangle_floyds-triangle	10	0	1	1.000	0.909	0.952	0.0	0.0
rosetta_v06_00777_Levenshtein-distance_levenshtein-distance-2	11	2	2	0.846	0.846	0.846	0.0	0.0
rosetta_v06_00946_Naming-conventions_naming-conventions-3	6	0	0	1.000	1.000	1.000	0.0	0.0
rosetta_v06_01493_Tokenize-a-string-with-escaping_tokenize-a-string-with-escaping	11	0	1	1.000	0.917	0.957	0.0	0.0
rosetta_v06_01247_Search-in-paragraphs-text_search-in-paragraphs-text	11	0	1	1.000	0.917	0.957	0.0	0.0
rosetta_v06_00146_Binary-search_binary-search	7	0	3	1.000	0.700	0.824	0.0	0.0
rosetta_v06_01327_Sorting-algorithms-Bogosort_sorting-algorithms-bogosort	12	1	1	0.923	0.923	0.923	0.3	0.0
rosetta_v06_01437_Sum-to-100_sum-to-100-2	10	1	2	0.909	0.833	0.870	0.0	0.0
rosetta_v06_01372_Stack_stack-2	9	1	4	0.900	0.692	0.783	0.0	0.0
rosetta_v06_00758_Lah-numbers_lah-numbers	10	2	2	0.833	0.833	0.833	0.0	0.0
rosetta_v06_00333_Create-an-object-at-a-given-address_create-an-object-at-a-given-address-1	8	0	2	1.000	0.800	0.889	1.0	0.0
rosetta_v06_00747_Knapsack-problem-Unbounded_knapsack-problem-unbounded	7	1	2	0.875	0.778	0.824	0.0	0.0
rosetta_v06_01576_Water-collected-between-towers_water-collected-between-towers	11	0	1	1.000	0.917	0.957	0.0	0.0
rosetta_v06_00206_CUSIP_cusip	10	2	1	0.833	0.909	0.870	0.0	0.0
rosetta_v06_00466_Exponentiation-order_exponentiation-order	8	0	2	1.000	0.800	0.889	1.0	0.0
rosetta_v06_00093_Arithmetic-numbers_arithmetic-numbers	10	0	1	1.000	0.909	0.952	0.0	0.0
rosetta_v06_01442_Superpermutation-minimisation_superpermutation-minimisation	12	0	1	1.000	0.923	0.960	0.0	0.0
rosetta_v06_00393_Dot-product_dot-product	10	1	1	0.909	0.909	0.909	0.0	0.0
rosetta_v06_01266_Set-consolidation_set-consolidation-1	11	0	1	1.000	0.917	0.957	0.0	0.0
rosetta_v06_01287_Sierpinski-triangle-Graphical_sierpinski-triangle-graphical	13	0	1	1.000	0.929	0.963	0.0	0.0
rosetta_v06_00600_Golden-ratio-Convergence_golden-ratio-convergence	7	0	1	1.000	0.875	0.933	0.0	0.0
rosetta_v06_01130_Pseudo-random-numbers-Middle-square-method_pseudo-random-numbers-middle-square-method	9	0	2	1.000	0.818	0.900	0.0	0.0
rosetta_v06_01098_Pragmatic-directives_pragmatic-directives	8	0	2	1.000	0.800	0.889	1.0	0.0
rosetta_v06_00940_N-queens-problem_n-queens-problem-4	10	0	1	1.000	0.909	0.952	0.0	0.0
rosetta_v06_01494_Tonelli-Shanks-algorithm_tonelli-shanks-algorithm-2	11	1	1	0.917	0.917	0.917	0.0	0.0
rosetta_v06_00088_Arithmetic-Rational_arithmetic-rational	11	11	9	0.500	0.550	0.524	0.0	0.0
rosetta_v06_00735_Kaprekar-numbers_kaprekar-numbers-1	11	1	1	0.917	0.917	0.917	0.0	0.0
rosetta_v06_00778_Levenshtein-distance-Alignment_levenshtein-distance-alignment	10	0	1	1.000	0.909	0.952	0.0	0.0
rosetta_v06_00189_Box-the-compass_box-the-compass	8	0	2	1.000	0.800	0.889	1.0	0.0
rosetta_v06_01615_Y-combinator_y-combinator	14	1	3	0.933	0.824	0.875	0.0	0.0
rosetta_v06_01563_Verify-distribution-uniformity-Chi-squared-test_verify-distribution-uniformity-chi-squared-test-1	10	0	0	1.000	1.000	1.000	0.0	0.0
rosetta_v06_00440_Ethiopian-multiplication_ethiopian-multiplication	11	0	3	1.000	0.786	0.880	0.0	0.0
rosetta_v06_00318_Count-the-coins_count-the-coins-1	12	0	1	1.000	0.923	0.960	0.0	0.0
rosetta_v06_01590_Word-wheel_word-wheel	11	0	3	1.000	0.786	0.880	0.0	0.0
rosetta_v06_00696_Increment-a-numerical-string_increment-a-numerical-string	11	0	1	1.000	0.917	0.957	0.0	0.0
rosetta_v06_00865_Maximum-triangle-path-sum_maximum-triangle-path-sum	8	0	2	1.000	0.800	0.889	1.0	0.0
rosetta_v06_00326_Create-a-two-dimensional-array-at-runtime_create-a-two-dimensional-array-at-runtime-4	8	1	2	0.889	0.800	0.842	1.0	0.0
rosetta_v06_01554_Variables_variables-1	6	0	0	1.000	1.000	1.000	0.0	0.0
rosetta_v06_00013_21-game_21-game	12	1	1	0.923	0.923	0.923	0.0	0.0
rosetta_v06_00919_Multiplication-tables_multiplication-tables	8	0	2	1.000	0.800	0.889	1.0	0.0
rosetta_v06_01436_Sum-to-100_sum-to-100-1	11	0	5	1.000	0.688	0.815	0.0	0.0
rosetta_v06_01330_Sorting-algorithms-Cocktail-sort_sorting-algorithms-cocktail-sort-3	12	0	2	1.000	0.857	0.923	0.4	0.0
rosetta_v06_01466_Terminal-control-Inverse-video_terminal-control-inverse-video	8	0	2	1.000	0.800	0.889	1.0	0.0
rosetta_v06_01034_Pascals-triangle-Puzzle_pascals-triangle-puzzle-2	11	1	1	0.917	0.917	0.917	0.0	0.0
rosetta_v06_00061_Anagrams_anagrams-1	11	0	2	1.000	0.846	0.917	0.0	0.0
rosetta_v06_00864_Matrix-transposition_matrix-transposition-2	11	1	1	0.917	0.917	0.917	0.7	0.0
rosetta_v06_01209_Rock-paper-scissors_rock-paper-scissors-1	10	0	1	1.000	0.909	0.952	0.0	0.0
rosetta_v06_01516_Two-bullet-roulette_two-bullet-roulette	10	0	1	1.000	0.909	0.952	0.0	0.0
rosetta_v06_01385_Stem-and-leaf-plot_stem-and-leaf-plot-1	11	0	1	1.000	0.917	0.957	0.0	0.0
rosetta_v06_00209_Calculating-the-value-of-e_calculating-the-value-of-e-1	8	0	2	1.000	0.800	0.889	1.0	0.0
rosetta_v06_01508_Trigonometric-functions_trigonometric-functions	8	0	2	1.000	0.800	0.889	1.0	0.0
rosetta_v06_00285_Compiler-code-generator_compiler-code-generator	23	2	5	0.920	0.821	0.868	0.0	0.0
rosetta_v06_00501_Fibonacci-word_fibonacci-word	12	0	2	1.000	0.857	0.923	0.0	0.0
rosetta_v06_01518_UPC_upc	12	1	2	0.923	0.857	0.889	0.0	0.0
rosetta_v06_01309_Smarandache-prime-digital-sequence_smarandache-prime-digital-sequence	10	3	2	0.769	0.833	0.800	0.0	0.0
>>> python heredoc: macro for out/summary.tsv
macroP 0.9485838926174497
macroR 0.8496778523489933
macroF1 0.8931476510067115
>>> source .venv/bin/activate && THRESH=0.35 POST_FILTER=on MODEL_PATH=models/start_detector_v06g_xgb.joblib BIN_LIST=out/binlist_test_O3_stripped.txt src/run_batch_predict.sh
file	TP	FP	FN	P	R	F1	mean_err	median_err
rosetta_v06_00064_Angles-geometric-normalization-and-conversion_angles-geometric-normalization-and-conversion	9	0	13	1.000	0.409	0.581	0.0	0.0
rosetta_v06_00120_Averages-Median_averages-median-1	11	0	1	1.000	0.917	0.957	0.0	0.0
rosetta_v06_00014_24-game_24-game	21	3	5	0.875	0.808	0.840	0.0	0.0
rosetta_v06_01593_World-Cup-group-stage_world-cup-group-stage	11	2	1	0.846	0.917	0.880	0.0	0.0
rosetta_v06_01205_Reverse-a-string_reverse-a-string-1	12	0	2	1.000	0.857	0.923	0.0	0.0
rosetta_v06_00471_Extensible-prime-generator_extensible-prime-generator-1	12	2	1	0.857	0.923	0.889	0.0	0.0
rosetta_v06_01204_Return-multiple-values_return-multiple-values-2	10	0	1	1.000	0.909	0.952	0.0	0.0
rosetta_v06_00043_Ackermann-function_ackermann-function-1	10	1	1	0.909	0.909	0.909	0.0	0.0
rosetta_v06_00692_Imaginary-base-numbers_imaginary-base-numbers	16	4	8	0.800	0.667	0.727	0.1	0.0
rosetta_v06_00131_Balanced-brackets_balanced-brackets-1	13	2	1	0.867	0.929	0.897	0.3	0.0
rosetta_v06_00924_Munching-squares_munching-squares	10	0	1	1.000	0.909	0.952	0.0	0.0
rosetta_v06_01059_Permutations-Derangements_permutations-derangements	14	2	1	0.875	0.933	0.903	0.0	0.0
rosetta_v06_00897_Mind-boggling-card-trick_mind-boggling-card-trick	13	2	2	0.867	0.867	0.867	0.0	0.0
rosetta_v06_00764_Last-Friday-of-each-month_last-friday-of-each-month	8	1	2	0.889	0.800	0.842	1.0	0.0
rosetta_v06_01597_Write-float-arrays-to-a-text-file_write-float-arrays-to-a-text-file-1	8	0	2	1.000	0.800	0.889	1.0	0.0
rosetta_v06_01489_Tic-tac-toe_tic-tac-toe	13	2	2	0.867	0.867	0.867	0.0	0.0
rosetta_v06_00638_Halt-and-catch-fire_halt-and-catch-fire	8	0	2	1.000	0.800	0.889	1.0	0.0
rosetta_v06_00411_Dutch-national-flag-problem_dutch-national-flag-problem	11	1	2	0.917	0.846	0.880	0.0	0.0
rosetta_v06_01438_Summarize-and-say-sequence_summarize-and-say-sequence	13	1	1	0.929	0.929	0.929	0.0	0.0
rosetta_v06_00866_Mayan-numerals_mayan-numerals	11	2	2	0.846	0.846	0.846	0.0	0.0
rosetta_v06_01242_Scope-Function-names-and-labels_scope-function-names-and-labels	9	0	2	1.000	0.818	0.900	0.4	0.0
rosetta_v06_01498_Topological-sort_topological-sort-1	13	0	1	1.000	0.929	0.963	0.4	0.0
rosetta_v06_00973_Numbers-which-are-the-cube-roots-of-the-product-of-their-proper-divisors_numbers-which-are-the-cube-roots-of-the-product-of-their-proper-divisors	10	0	1	1.000	0.909	0.952	0.0	0.0
rosetta_v06_00262_Combinations_combinations-2	10	1	1	0.909	0.909	0.909	0.0	0.0
rosetta_v06_00257_Colorful-numbers_colorful-numbers	11	1	1	0.917	0.917	0.917	0.0	0.0
rosetta_v06_00141_Best-shuffle_best-shuffle-1	12	3	4	0.800	0.750	0.774	0.0	0.0
rosetta_v06_00995_Ordered-words_ordered-words-3	10	2	2	0.833	0.833	0.833	0.0	0.0
rosetta_v06_01564_Verify-distribution-uniformity-Naive_verify-distribution-uniformity-naive	10	0	1	1.000	0.909	0.952	0.0	0.0
rosetta_v06_00493_Feigenbaum-constant-calculation_feigenbaum-constant-calculation	10	0	1	1.000	0.909	0.952	0.0	0.0
rosetta_v06_00118_Averages-Mean-angle_averages-mean-angle	8	0	1	1.000	0.889	0.941	0.0	0.0
rosetta_v06_00629_Guess-the-number_guess-the-number	8	0	2	1.000	0.800	0.889	1.0	0.0
rosetta_v06_00039_Accumulator-factory_accumulator-factory	7	0	4	1.000	0.636	0.778	0.0	0.0
rosetta_v06_00001_100-doors_100-doors-1	8	1	2	0.889	0.800	0.842	1.0	0.0
rosetta_v06_01104_Prime-decomposition_prime-decomposition-4	15	1	1	0.938	0.938	0.938	0.5	0.0
rosetta_v06_00330_Create-a-two-dimensional-array-at-runtime_create-a-two-dimensional-array-at-runtime-1	8	0	2	1.000	0.800	0.889	1.0	0.0
rosetta_v06_00765_Last-letter-first-letter_last-letter-first-letter-1	11	1	1	0.917	0.917	0.917	0.0	0.0
rosetta_v06_01480_Text-processing-Max-licenses-in-use_text-processing-max-licenses-in-use-2	9	0	2	1.000	0.818	0.900	0.9	0.0
rosetta_v06_01599_Write-language-name-in-3D-ASCII_write-language-name-in-3d-ascii	8	0	2	1.000	0.800	0.889	1.0	0.0
rosetta_v06_01532_Unprimeable-numbers_unprimeable-numbers	22	4	6	0.846	0.786	0.815	0.0	0.0
rosetta_v06_01449_Take-notes-on-the-command-line_take-notes-on-the-command-line	8	0	2	1.000	0.800	0.889	1.0	0.0
rosetta_v06_00611_Gotchas_gotchas-8	6	0	1	1.000	0.857	0.923	1.3	0.0
rosetta_v06_01280_Sierpinski-carpet_sierpinski-carpet-3	13	3	2	0.812	0.867	0.839	0.9	0.0
rosetta_v06_00217_Call-an-object-method_call-an-object-method	9	1	2	0.900	0.818	0.857	0.0	0.0
rosetta_v06_01039_Pells-equation_pells-equation	12	0	1	1.000	0.923	0.960	0.0	0.0
rosetta_v06_00365_Descending-primes_descending-primes	10	1	1	0.909	0.909	0.909	0.0	0.0
rosetta_v06_00539_FizzBuzz_fizzbuzz-9	8	0	2	1.000	0.800	0.889	1.0	0.0
rosetta_v06_00006_100-prisoners_100-prisoners	10	3	4	0.769	0.714	0.741	0.8	0.0
rosetta_v06_00890_Middle-three-digits_middle-three-digits-1	10	0	1	1.000	0.909	0.952	0.0	0.0
rosetta_v06_01623_Zhang-Suen-thinning-algorithm_zhang-suen-thinning-algorithm	14	1	3	0.933	0.824	0.875	0.0	0.0
rosetta_v06_01312_Sockets_sockets	8	0	2	1.000	0.800	0.889	1.0	0.0
rosetta_v06_01396_String-comparison_string-comparison-2	11	0	1	1.000	0.917	0.957	0.0	0.0
rosetta_v06_00234_Check-output-device-is-a-terminal_check-output-device-is-a-terminal	8	0	2	1.000	0.800	0.889	1.0	0.0
rosetta_v06_01477_Text-processing-2_text-processing-2	10	2	2	0.833	0.833	0.833	0.0	0.0
rosetta_v06_00023_A+B_a+b-3	8	0	2	1.000	0.800	0.889	1.0	0.0
rosetta_v06_01133_Pseudo-random-numbers-Xorshift-star_pseudo-random-numbers-xorshift-star	10	0	3	1.000	0.769	0.870	0.0	0.0
rosetta_v06_00958_Non-continuous-subsequences_non-continuous-subsequences-3	11	0	1	1.000	0.917	0.957	0.0	0.0
rosetta_v06_01220_Rosetta-Code-Rank-languages-by-popularity_rosetta-code-rank-languages-by-popularity-1	13	0	1	1.000	0.929	0.963	0.0	0.0
rosetta_v06_00781_List-rooted-trees_list-rooted-trees	14	0	1	1.000	0.933	0.966	0.3	0.0
rosetta_v06_00788_Logistic-curve-fitting-in-epidemiology_logistic-curve-fitting-in-epidemiology	12	0	1	1.000	0.923	0.960	0.0	0.0
rosetta_v06_00130_Babbage-problem_babbage-problem	8	0	2	1.000	0.800	0.889	1.0	0.0
rosetta_v06_01393_Stream-merge_stream-merge	10	0	1	1.000	0.909	0.952	0.0	0.0
rosetta_v06_00327_Create-a-two-dimensional-array-at-runtime_create-a-two-dimensional-array-at-runtime-5	8	0	2	1.000	0.800	0.889	1.0	0.0
rosetta_v06_01285_Sierpinski-triangle_sierpinski-triangle-2	7	0	1	1.000	0.875	0.933	0.0	0.0
rosetta_v06_00313_Count-in-factors_count-in-factors	9	4	2	0.692	0.818	0.750	0.0	0.0
rosetta_v06_00224_Casting-out-nines_casting-out-nines	8	0	2	1.000	0.800	0.889	1.0	0.0
rosetta_v06_01010_Pangram-checker_pangram-checker-2	10	0	1	1.000	0.909	0.952	0.0	0.0
rosetta_v06_01043_Percolation-Bond-percolation_percolation-bond-percolation	13	3	2	0.812	0.867	0.839	0.0	0.0
rosetta_v06_00283_Compile-time-calculation_compile-time-calculation-2	8	0	2	1.000	0.800	0.889	1.0	0.0
rosetta_v06_01519_URL-decoding_url-decoding	10	1	1	0.909	0.909	0.909	0.0	0.0
rosetta_v06_01197_Repeat_repeat	10	0	2	1.000	0.833	0.909	0.4	0.0
rosetta_v06_01103_Prime-decomposition_prime-decomposition-3	11	3	1	0.786	0.917	0.846	0.0	0.0
rosetta_v06_01600_Write-to-Windows-event-log_write-to-windows-event-log	8	0	2	1.000	0.800	0.889	1.0	0.0
rosetta_v06_00505_File-input-output_file-input-output-1	8	0	2	1.000	0.800	0.889	1.0	0.0
rosetta_v06_01617_Yin-and-yang_yin-and-yang	10	0	1	1.000	0.909	0.952	0.0	0.0
rosetta_v06_00542_FizzBuzz_fizzbuzz-4	8	0	2	1.000	0.800	0.889	1.0	0.0
rosetta_v06_00292_Concurrent-computing_concurrent-computing-1	12	0	1	1.000	0.923	0.960	0.0	0.0
rosetta_v06_00939_N-queens-problem_n-queens-problem-2	10	5	1	0.667	0.909	0.769	0.0	0.0
rosetta_v06_00810_Loops-Foreach_loops-foreach-2	8	1	2	0.889	0.800	0.842	1.0	0.0
rosetta_v06_01022_Parsing-RPN-calculator-algorithm_parsing-rpn-calculator-algorithm-1	11	2	3	0.846	0.786	0.815	0.0	0.0
rosetta_v06_01342_Sorting-algorithms-Pancake-sort_sorting-algorithms-pancake-sort-2	7	1	0	0.875	1.000	0.933	0.0	0.0
rosetta_v06_00435_Environment-variables_environment-variables	8	0	2	1.000	0.800	0.889	1.0	0.0
rosetta_v06_00644_Harmonic-series_harmonic-series	10	0	1	1.000	0.909	0.952	0.0	0.0
rosetta_v06_01470_Terminal-control-Unicode-output_terminal-control-unicode-output	7	1	1	0.875	0.875	0.875	0.0	0.0
rosetta_v06_01161_Random-number-generator-device-_random-number-generator-device--2	8	0	2	1.000	0.800	0.889	1.0	0.0
rosetta_v06_00432_Entropy-Narcissist_entropy-narcissist-1	11	1	1	0.917	0.917	0.917	0.4	0.0
rosetta_v06_00548_Flipping-bits-game_flipping-bits-game	13	3	4	0.812	0.765	0.788	0.6	0.0
rosetta_v06_00821_Loops-Nested_loops-nested-2	8	0	2	1.000	0.800	0.889	1.0	0.0
rosetta_v06_00646_Hash-from-two-arrays_hash-from-two-arrays	17	2	2	0.895	0.895	0.895	0.0	0.0
rosetta_v06_00114_Atomic-updates_atomic-updates-1	12	2	2	0.857	0.857	0.857	0.0	0.0
rosetta_v06_00664_Higher-order-functions_higher-order-functions-1	7	0	0	1.000	1.000	1.000	0.0	0.0
rosetta_v06_01402_String-length_string-length-3	8	0	2	1.000	0.800	0.889	1.0	0.0
rosetta_v06_01140_Pythagorean-triples_pythagorean-triples-1	8	0	2	1.000	0.800	0.889	1.0	0.0
rosetta_v06_01409_Strip-a-set-of-characters-from-a-string_strip-a-set-of-characters-from-a-string-2	10	1	1	0.909	0.909	0.909	0.0	0.0
rosetta_v06_01310_Smith-numbers_smith-numbers	11	3	4	0.786	0.733	0.759	0.0	0.0
rosetta_v06_00552_Floyds-triangle_floyds-triangle	10	0	1	1.000	0.909	0.952	0.0	0.0
rosetta_v06_00777_Levenshtein-distance_levenshtein-distance-2	11	2	2	0.846	0.846	0.846	0.0	0.0
rosetta_v06_00946_Naming-conventions_naming-conventions-3	6	0	0	1.000	1.000	1.000	0.0	0.0
rosetta_v06_01493_Tokenize-a-string-with-escaping_tokenize-a-string-with-escaping	11	0	1	1.000	0.917	0.957	0.0	0.0
rosetta_v06_01247_Search-in-paragraphs-text_search-in-paragraphs-text	11	0	1	1.000	0.917	0.957	0.0	0.0
rosetta_v06_00146_Binary-search_binary-search	7	0	3	1.000	0.700	0.824	0.0	0.0
rosetta_v06_01327_Sorting-algorithms-Bogosort_sorting-algorithms-bogosort	12	2	1	0.857	0.923	0.889	0.3	0.0
rosetta_v06_01437_Sum-to-100_sum-to-100-2	10	1	2	0.909	0.833	0.870	0.0	0.0
rosetta_v06_01372_Stack_stack-2	9	1	4	0.900	0.692	0.783	0.0	0.0
rosetta_v06_00758_Lah-numbers_lah-numbers	10	2	2	0.833	0.833	0.833	0.0	0.0
rosetta_v06_00333_Create-an-object-at-a-given-address_create-an-object-at-a-given-address-1	8	0	2	1.000	0.800	0.889	1.0	0.0
rosetta_v06_00747_Knapsack-problem-Unbounded_knapsack-problem-unbounded	8	1	1	0.889	0.889	0.889	0.0	0.0
rosetta_v06_01576_Water-collected-between-towers_water-collected-between-towers	11	0	1	1.000	0.917	0.957	0.0	0.0
rosetta_v06_00206_CUSIP_cusip	10	4	1	0.714	0.909	0.800	0.0	0.0
rosetta_v06_00466_Exponentiation-order_exponentiation-order	8	0	2	1.000	0.800	0.889	1.0	0.0
rosetta_v06_00093_Arithmetic-numbers_arithmetic-numbers	10	0	1	1.000	0.909	0.952	0.0	0.0
rosetta_v06_01442_Superpermutation-minimisation_superpermutation-minimisation	12	0	1	1.000	0.923	0.960	0.0	0.0
rosetta_v06_00393_Dot-product_dot-product	10	1	1	0.909	0.909	0.909	0.0	0.0
rosetta_v06_01266_Set-consolidation_set-consolidation-1	11	0	1	1.000	0.917	0.957	0.0	0.0
rosetta_v06_01287_Sierpinski-triangle-Graphical_sierpinski-triangle-graphical	13	0	1	1.000	0.929	0.963	0.0	0.0
rosetta_v06_00600_Golden-ratio-Convergence_golden-ratio-convergence	7	0	1	1.000	0.875	0.933	0.0	0.0
rosetta_v06_01130_Pseudo-random-numbers-Middle-square-method_pseudo-random-numbers-middle-square-method	9	0	2	1.000	0.818	0.900	0.0	0.0
rosetta_v06_01098_Pragmatic-directives_pragmatic-directives	8	0	2	1.000	0.800	0.889	1.0	0.0
rosetta_v06_00940_N-queens-problem_n-queens-problem-4	10	0	1	1.000	0.909	0.952	0.0	0.0
rosetta_v06_01494_Tonelli-Shanks-algorithm_tonelli-shanks-algorithm-2	11	1	1	0.917	0.917	0.917	0.0	0.0
rosetta_v06_00088_Arithmetic-Rational_arithmetic-rational	11	11	9	0.500	0.550	0.524	0.0	0.0
rosetta_v06_00735_Kaprekar-numbers_kaprekar-numbers-1	11	1	1	0.917	0.917	0.917	0.0	0.0
rosetta_v06_00778_Levenshtein-distance-Alignment_levenshtein-distance-alignment	10	0	1	1.000	0.909	0.952	0.0	0.0
rosetta_v06_00189_Box-the-compass_box-the-compass	8	0	2	1.000	0.800	0.889	1.0	0.0
rosetta_v06_01615_Y-combinator_y-combinator	14	1	3	0.933	0.824	0.875	0.0	0.0
rosetta_v06_01563_Verify-distribution-uniformity-Chi-squared-test_verify-distribution-uniformity-chi-squared-test-1	10	0	0	1.000	1.000	1.000	0.0	0.0
rosetta_v06_00440_Ethiopian-multiplication_ethiopian-multiplication	11	0	3	1.000	0.786	0.880	0.0	0.0
rosetta_v06_00318_Count-the-coins_count-the-coins-1	12	0	1	1.000	0.923	0.960	0.0	0.0
rosetta_v06_01590_Word-wheel_word-wheel	11	0	3	1.000	0.786	0.880	0.0	0.0
rosetta_v06_00696_Increment-a-numerical-string_increment-a-numerical-string	11	0	1	1.000	0.917	0.957	0.0	0.0
rosetta_v06_00865_Maximum-triangle-path-sum_maximum-triangle-path-sum	8	0	2	1.000	0.800	0.889	1.0	0.0
rosetta_v06_00326_Create-a-two-dimensional-array-at-runtime_create-a-two-dimensional-array-at-runtime-4	8	1	2	0.889	0.800	0.842	1.0	0.0
rosetta_v06_01554_Variables_variables-1	6	0	0	1.000	1.000	1.000	0.0	0.0
rosetta_v06_00013_21-game_21-game	12	1	1	0.923	0.923	0.923	0.0	0.0
rosetta_v06_00919_Multiplication-tables_multiplication-tables	8	0	2	1.000	0.800	0.889	1.0	0.0
rosetta_v06_01436_Sum-to-100_sum-to-100-1	11	0	5	1.000	0.688	0.815	0.0	0.0
rosetta_v06_01330_Sorting-algorithms-Cocktail-sort_sorting-algorithms-cocktail-sort-3	12	0	2	1.000	0.857	0.923	0.4	0.0
rosetta_v06_01466_Terminal-control-Inverse-video_terminal-control-inverse-video	8	0	2	1.000	0.800	0.889	1.0	0.0
rosetta_v06_01034_Pascals-triangle-Puzzle_pascals-triangle-puzzle-2	11	1	1	0.917	0.917	0.917	0.0	0.0
rosetta_v06_00061_Anagrams_anagrams-1	11	0	2	1.000	0.846	0.917	0.0	0.0
rosetta_v06_00864_Matrix-transposition_matrix-transposition-2	11	1	1	0.917	0.917	0.917	0.7	0.0
rosetta_v06_01209_Rock-paper-scissors_rock-paper-scissors-1	10	0	1	1.000	0.909	0.952	0.0	0.0
rosetta_v06_01516_Two-bullet-roulette_two-bullet-roulette	10	0	1	1.000	0.909	0.952	0.0	0.0
rosetta_v06_01385_Stem-and-leaf-plot_stem-and-leaf-plot-1	11	0	1	1.000	0.917	0.957	0.0	0.0
rosetta_v06_00209_Calculating-the-value-of-e_calculating-the-value-of-e-1	8	0	2	1.000	0.800	0.889	1.0	0.0
rosetta_v06_01508_Trigonometric-functions_trigonometric-functions	8	0	2	1.000	0.800	0.889	1.0	0.0
rosetta_v06_00285_Compiler-code-generator_compiler-code-generator	23	2	5	0.920	0.821	0.868	0.0	0.0
rosetta_v06_00501_Fibonacci-word_fibonacci-word	12	0	2	1.000	0.857	0.923	0.0	0.0
rosetta_v06_01518_UPC_upc	13	1	1	0.929	0.929	0.929	0.0	0.0
rosetta_v06_01309_Smarandache-prime-digital-sequence_smarandache-prime-digital-sequence	10	4	2	0.714	0.833	0.769	0.0	0.0
macroP 0.9423422818791947
macroR 0.8530268456375839
macroF1 0.891993288590604
>>> source .venv/bin/activate && THRESH=0.30 POST_FILTER=on MODEL_PATH=models/start_detector_v06g_xgb.joblib BIN_LIST=out/binlist_test_O3_stripped.txt src/run_batch_predict.sh
file	TP	FP	FN	P	R	F1	mean_err	median_err
rosetta_v06_00064_Angles-geometric-normalization-and-conversion_angles-geometric-normalization-and-conversion	9	0	13	1.000	0.409	0.581	0.0	0.0
rosetta_v06_00120_Averages-Median_averages-median-1	11	0	1	1.000	0.917	0.957	0.0	0.0
rosetta_v06_00014_24-game_24-game	22	3	4	0.880	0.846	0.863	0.0	0.0
rosetta_v06_01593_World-Cup-group-stage_world-cup-group-stage	11	3	1	0.786	0.917	0.846	0.0	0.0
rosetta_v06_01205_Reverse-a-string_reverse-a-string-1	12	0	2	1.000	0.857	0.923	0.0	0.0
rosetta_v06_00471_Extensible-prime-generator_extensible-prime-generator-1	12	2	1	0.857	0.923	0.889	0.0	0.0
rosetta_v06_01204_Return-multiple-values_return-multiple-values-2	10	0	1	1.000	0.909	0.952	0.0	0.0
rosetta_v06_00043_Ackermann-function_ackermann-function-1	10	1	1	0.909	0.909	0.909	0.0	0.0
rosetta_v06_00692_Imaginary-base-numbers_imaginary-base-numbers	17	5	7	0.773	0.708	0.739	0.1	0.0
rosetta_v06_00131_Balanced-brackets_balanced-brackets-1	13	2	1	0.867	0.929	0.897	0.3	0.0
rosetta_v06_00924_Munching-squares_munching-squares	10	0	1	1.000	0.909	0.952	0.0	0.0
rosetta_v06_01059_Permutations-Derangements_permutations-derangements	14	2	1	0.875	0.933	0.903	0.0	0.0
rosetta_v06_00897_Mind-boggling-card-trick_mind-boggling-card-trick	13	2	2	0.867	0.867	0.867	0.0	0.0
rosetta_v06_00764_Last-Friday-of-each-month_last-friday-of-each-month	8	1	2	0.889	0.800	0.842	1.0	0.0
rosetta_v06_01597_Write-float-arrays-to-a-text-file_write-float-arrays-to-a-text-file-1	8	0	2	1.000	0.800	0.889	1.0	0.0
rosetta_v06_01489_Tic-tac-toe_tic-tac-toe	13	2	2	0.867	0.867	0.867	0.0	0.0
rosetta_v06_00638_Halt-and-catch-fire_halt-and-catch-fire	8	0	2	1.000	0.800	0.889	1.0	0.0
rosetta_v06_00411_Dutch-national-flag-problem_dutch-national-flag-problem	11	1	2	0.917	0.846	0.880	0.0	0.0
rosetta_v06_01438_Summarize-and-say-sequence_summarize-and-say-sequence	13	1	1	0.929	0.929	0.929	0.0	0.0
rosetta_v06_00866_Mayan-numerals_mayan-numerals	11	3	2	0.786	0.846	0.815	0.0	0.0
rosetta_v06_01242_Scope-Function-names-and-labels_scope-function-names-and-labels	9	0	2	1.000	0.818	0.900	0.4	0.0
rosetta_v06_01498_Topological-sort_topological-sort-1	13	0	1	1.000	0.929	0.963	0.4	0.0
rosetta_v06_00973_Numbers-which-are-the-cube-roots-of-the-product-of-their-proper-divisors_numbers-which-are-the-cube-roots-of-the-product-of-their-proper-divisors	10	0	1	1.000	0.909	0.952	0.0	0.0
rosetta_v06_00262_Combinations_combinations-2	10	1	1	0.909	0.909	0.909	0.0	0.0
rosetta_v06_00257_Colorful-numbers_colorful-numbers	11	2	1	0.846	0.917	0.880	0.0	0.0
rosetta_v06_00141_Best-shuffle_best-shuffle-1	12	4	4	0.750	0.750	0.750	0.0	0.0
rosetta_v06_00995_Ordered-words_ordered-words-3	10	2	2	0.833	0.833	0.833	0.0	0.0
rosetta_v06_01564_Verify-distribution-uniformity-Naive_verify-distribution-uniformity-naive	10	1	1	0.909	0.909	0.909	0.0	0.0
rosetta_v06_00493_Feigenbaum-constant-calculation_feigenbaum-constant-calculation	10	0	1	1.000	0.909	0.952	0.0	0.0
rosetta_v06_00118_Averages-Mean-angle_averages-mean-angle	8	0	1	1.000	0.889	0.941	0.0	0.0
rosetta_v06_00629_Guess-the-number_guess-the-number	8	0	2	1.000	0.800	0.889	1.0	0.0
rosetta_v06_00039_Accumulator-factory_accumulator-factory	7	0	4	1.000	0.636	0.778	0.0	0.0
rosetta_v06_00001_100-doors_100-doors-1	8	1	2	0.889	0.800	0.842	1.0	0.0
rosetta_v06_01104_Prime-decomposition_prime-decomposition-4	15	2	1	0.882	0.938	0.909	0.5	0.0
rosetta_v06_00330_Create-a-two-dimensional-array-at-runtime_create-a-two-dimensional-array-at-runtime-1	8	0	2	1.000	0.800	0.889	1.0	0.0
rosetta_v06_00765_Last-letter-first-letter_last-letter-first-letter-1	11	2	1	0.846	0.917	0.880	0.0	0.0
rosetta_v06_01480_Text-processing-Max-licenses-in-use_text-processing-max-licenses-in-use-2	9	0	2	1.000	0.818	0.900	0.9	0.0
rosetta_v06_01599_Write-language-name-in-3D-ASCII_write-language-name-in-3d-ascii	8	0	2	1.000	0.800	0.889	1.0	0.0
rosetta_v06_01532_Unprimeable-numbers_unprimeable-numbers	22	5	6	0.815	0.786	0.800	0.0	0.0
rosetta_v06_01449_Take-notes-on-the-command-line_take-notes-on-the-command-line	8	0	2	1.000	0.800	0.889	1.0	0.0
rosetta_v06_00611_Gotchas_gotchas-8	6	0	1	1.000	0.857	0.923	1.3	0.0
rosetta_v06_01280_Sierpinski-carpet_sierpinski-carpet-3	13	3	2	0.812	0.867	0.839	0.9	0.0
rosetta_v06_00217_Call-an-object-method_call-an-object-method	9	1	2	0.900	0.818	0.857	0.0	0.0
rosetta_v06_01039_Pells-equation_pells-equation	12	0	1	1.000	0.923	0.960	0.0	0.0
rosetta_v06_00365_Descending-primes_descending-primes	10	1	1	0.909	0.909	0.909	0.0	0.0
rosetta_v06_00539_FizzBuzz_fizzbuzz-9	8	0	2	1.000	0.800	0.889	1.0	0.0
rosetta_v06_00006_100-prisoners_100-prisoners	11	4	3	0.733	0.786	0.759	0.9	0.0
rosetta_v06_00890_Middle-three-digits_middle-three-digits-1	10	0	1	1.000	0.909	0.952	0.0	0.0
rosetta_v06_01623_Zhang-Suen-thinning-algorithm_zhang-suen-thinning-algorithm	14	1	3	0.933	0.824	0.875	0.0	0.0
rosetta_v06_01312_Sockets_sockets	8	0	2	1.000	0.800	0.889	1.0	0.0
rosetta_v06_01396_String-comparison_string-comparison-2	11	0	1	1.000	0.917	0.957	0.0	0.0
rosetta_v06_00234_Check-output-device-is-a-terminal_check-output-device-is-a-terminal	8	0	2	1.000	0.800	0.889	1.0	0.0
rosetta_v06_01477_Text-processing-2_text-processing-2	10	2	2	0.833	0.833	0.833	0.0	0.0
rosetta_v06_00023_A+B_a+b-3	8	0	2	1.000	0.800	0.889	1.0	0.0
rosetta_v06_01133_Pseudo-random-numbers-Xorshift-star_pseudo-random-numbers-xorshift-star	10	0	3	1.000	0.769	0.870	0.0	0.0
rosetta_v06_00958_Non-continuous-subsequences_non-continuous-subsequences-3	11	0	1	1.000	0.917	0.957	0.0	0.0
rosetta_v06_01220_Rosetta-Code-Rank-languages-by-popularity_rosetta-code-rank-languages-by-popularity-1	13	0	1	1.000	0.929	0.963	0.0	0.0
rosetta_v06_00781_List-rooted-trees_list-rooted-trees	14	0	1	1.000	0.933	0.966	0.3	0.0
rosetta_v06_00788_Logistic-curve-fitting-in-epidemiology_logistic-curve-fitting-in-epidemiology	12	0	1	1.000	0.923	0.960	0.0	0.0
rosetta_v06_00130_Babbage-problem_babbage-problem	8	0	2	1.000	0.800	0.889	1.0	0.0
rosetta_v06_01393_Stream-merge_stream-merge	10	0	1	1.000	0.909	0.952	0.0	0.0
rosetta_v06_00327_Create-a-two-dimensional-array-at-runtime_create-a-two-dimensional-array-at-runtime-5	8	1	2	0.889	0.800	0.842	1.0	0.0
rosetta_v06_01285_Sierpinski-triangle_sierpinski-triangle-2	7	0	1	1.000	0.875	0.933	0.0	0.0
rosetta_v06_00313_Count-in-factors_count-in-factors	9	4	2	0.692	0.818	0.750	0.0	0.0
rosetta_v06_00224_Casting-out-nines_casting-out-nines	8	0	2	1.000	0.800	0.889	1.0	0.0
rosetta_v06_01010_Pangram-checker_pangram-checker-2	10	0	1	1.000	0.909	0.952	0.0	0.0
rosetta_v06_01043_Percolation-Bond-percolation_percolation-bond-percolation	13	4	2	0.765	0.867	0.812	0.0	0.0
rosetta_v06_00283_Compile-time-calculation_compile-time-calculation-2	8	0	2	1.000	0.800	0.889	1.0	0.0
rosetta_v06_01519_URL-decoding_url-decoding	10	1	1	0.909	0.909	0.909	0.0	0.0
rosetta_v06_01197_Repeat_repeat	10	0	2	1.000	0.833	0.909	0.4	0.0
rosetta_v06_01103_Prime-decomposition_prime-decomposition-3	11	3	1	0.786	0.917	0.846	0.0	0.0
rosetta_v06_01600_Write-to-Windows-event-log_write-to-windows-event-log	8	0	2	1.000	0.800	0.889	1.0	0.0
rosetta_v06_00505_File-input-output_file-input-output-1	8	0	2	1.000	0.800	0.889	1.0	0.0
rosetta_v06_01617_Yin-and-yang_yin-and-yang	10	0	1	1.000	0.909	0.952	0.0	0.0
rosetta_v06_00542_FizzBuzz_fizzbuzz-4	8	0	2	1.000	0.800	0.889	1.0	0.0
rosetta_v06_00292_Concurrent-computing_concurrent-computing-1	12	0	1	1.000	0.923	0.960	0.0	0.0
rosetta_v06_00939_N-queens-problem_n-queens-problem-2	10	6	1	0.625	0.909	0.741	0.0	0.0
rosetta_v06_00810_Loops-Foreach_loops-foreach-2	8	2	2	0.800	0.800	0.800	1.0	0.0
rosetta_v06_01022_Parsing-RPN-calculator-algorithm_parsing-rpn-calculator-algorithm-1	11	2	3	0.846	0.786	0.815	0.0	0.0
rosetta_v06_01342_Sorting-algorithms-Pancake-sort_sorting-algorithms-pancake-sort-2	7	1	0	0.875	1.000	0.933	0.0	0.0
rosetta_v06_00435_Environment-variables_environment-variables	8	0	2	1.000	0.800	0.889	1.0	0.0
rosetta_v06_00644_Harmonic-series_harmonic-series	10	0	1	1.000	0.909	0.952	0.0	0.0
rosetta_v06_01470_Terminal-control-Unicode-output_terminal-control-unicode-output	7	1	1	0.875	0.875	0.875	0.0	0.0
rosetta_v06_01161_Random-number-generator-device-_random-number-generator-device--2	8	0	2	1.000	0.800	0.889	1.0	0.0
rosetta_v06_00432_Entropy-Narcissist_entropy-narcissist-1	11	1	1	0.917	0.917	0.917	0.4	0.0
rosetta_v06_00548_Flipping-bits-game_flipping-bits-game	13	3	4	0.812	0.765	0.788	0.6	0.0
rosetta_v06_00821_Loops-Nested_loops-nested-2	8	0	2	1.000	0.800	0.889	1.0	0.0
rosetta_v06_00646_Hash-from-two-arrays_hash-from-two-arrays	17	2	2	0.895	0.895	0.895	0.0	0.0
rosetta_v06_00114_Atomic-updates_atomic-updates-1	12	2	2	0.857	0.857	0.857	0.0	0.0
rosetta_v06_00664_Higher-order-functions_higher-order-functions-1	7	0	0	1.000	1.000	1.000	0.0	0.0
rosetta_v06_01402_String-length_string-length-3	8	0	2	1.000	0.800	0.889	1.0	0.0
rosetta_v06_01140_Pythagorean-triples_pythagorean-triples-1	8	0	2	1.000	0.800	0.889	1.0	0.0
rosetta_v06_01409_Strip-a-set-of-characters-from-a-string_strip-a-set-of-characters-from-a-string-2	10	1	1	0.909	0.909	0.909	0.0	0.0
rosetta_v06_01310_Smith-numbers_smith-numbers	11	5	4	0.688	0.733	0.710	0.0	0.0
rosetta_v06_00552_Floyds-triangle_floyds-triangle	10	0	1	1.000	0.909	0.952	0.0	0.0
rosetta_v06_00777_Levenshtein-distance_levenshtein-distance-2	11	2	2	0.846	0.846	0.846	0.0	0.0
rosetta_v06_00946_Naming-conventions_naming-conventions-3	6	0	0	1.000	1.000	1.000	0.0	0.0
rosetta_v06_01493_Tokenize-a-string-with-escaping_tokenize-a-string-with-escaping	11	0	1	1.000	0.917	0.957	0.0	0.0
rosetta_v06_01247_Search-in-paragraphs-text_search-in-paragraphs-text	11	0	1	1.000	0.917	0.957	0.0	0.0
rosetta_v06_00146_Binary-search_binary-search	7	0	3	1.000	0.700	0.824	0.0	0.0
rosetta_v06_01327_Sorting-algorithms-Bogosort_sorting-algorithms-bogosort	12	2	1	0.857	0.923	0.889	0.3	0.0
rosetta_v06_01437_Sum-to-100_sum-to-100-2	10	2	2	0.833	0.833	0.833	0.0	0.0
rosetta_v06_01372_Stack_stack-2	9	1	4	0.900	0.692	0.783	0.0	0.0
rosetta_v06_00758_Lah-numbers_lah-numbers	10	3	2	0.769	0.833	0.800	0.0	0.0
rosetta_v06_00333_Create-an-object-at-a-given-address_create-an-object-at-a-given-address-1	8	0	2	1.000	0.800	0.889	1.0	0.0
rosetta_v06_00747_Knapsack-problem-Unbounded_knapsack-problem-unbounded	8	1	1	0.889	0.889	0.889	0.0	0.0
rosetta_v06_01576_Water-collected-between-towers_water-collected-between-towers	11	0	1	1.000	0.917	0.957	0.0	0.0
rosetta_v06_00206_CUSIP_cusip	10	4	1	0.714	0.909	0.800	0.0	0.0
rosetta_v06_00466_Exponentiation-order_exponentiation-order	8	0	2	1.000	0.800	0.889	1.0	0.0
rosetta_v06_00093_Arithmetic-numbers_arithmetic-numbers	10	0	1	1.000	0.909	0.952	0.0	0.0
rosetta_v06_01442_Superpermutation-minimisation_superpermutation-minimisation	12	1	1	0.923	0.923	0.923	0.0	0.0
rosetta_v06_00393_Dot-product_dot-product	10	2	1	0.833	0.909	0.870	0.0	0.0
rosetta_v06_01266_Set-consolidation_set-consolidation-1	11	0	1	1.000	0.917	0.957	0.0	0.0
rosetta_v06_01287_Sierpinski-triangle-Graphical_sierpinski-triangle-graphical	13	0	1	1.000	0.929	0.963	0.0	0.0
rosetta_v06_00600_Golden-ratio-Convergence_golden-ratio-convergence	7	0	1	1.000	0.875	0.933	0.0	0.0
rosetta_v06_01130_Pseudo-random-numbers-Middle-square-method_pseudo-random-numbers-middle-square-method	10	0	1	1.000	0.909	0.952	0.0	0.0
rosetta_v06_01098_Pragmatic-directives_pragmatic-directives	8	0	2	1.000	0.800	0.889	1.0	0.0
rosetta_v06_00940_N-queens-problem_n-queens-problem-4	10	0	1	1.000	0.909	0.952	0.0	0.0
rosetta_v06_01494_Tonelli-Shanks-algorithm_tonelli-shanks-algorithm-2	11	2	1	0.846	0.917	0.880	0.0	0.0
rosetta_v06_00088_Arithmetic-Rational_arithmetic-rational	11	11	9	0.500	0.550	0.524	0.0	0.0
rosetta_v06_00735_Kaprekar-numbers_kaprekar-numbers-1	11	1	1	0.917	0.917	0.917	0.0	0.0
rosetta_v06_00778_Levenshtein-distance-Alignment_levenshtein-distance-alignment	10	0	1	1.000	0.909	0.952	0.0	0.0
rosetta_v06_00189_Box-the-compass_box-the-compass	8	0	2	1.000	0.800	0.889	1.0	0.0
rosetta_v06_01615_Y-combinator_y-combinator	14	1	3	0.933	0.824	0.875	0.0	0.0
rosetta_v06_01563_Verify-distribution-uniformity-Chi-squared-test_verify-distribution-uniformity-chi-squared-test-1	10	0	0	1.000	1.000	1.000	0.0	0.0
rosetta_v06_00440_Ethiopian-multiplication_ethiopian-multiplication	12	0	2	1.000	0.857	0.923	0.0	0.0
rosetta_v06_00318_Count-the-coins_count-the-coins-1	12	0	1	1.000	0.923	0.960	0.0	0.0
rosetta_v06_01590_Word-wheel_word-wheel	11	0	3	1.000	0.786	0.880	0.0	0.0
rosetta_v06_00696_Increment-a-numerical-string_increment-a-numerical-string	11	1	1	0.917	0.917	0.917	0.0	0.0
rosetta_v06_00865_Maximum-triangle-path-sum_maximum-triangle-path-sum	8	0	2	1.000	0.800	0.889	1.0	0.0
rosetta_v06_00326_Create-a-two-dimensional-array-at-runtime_create-a-two-dimensional-array-at-runtime-4	8	1	2	0.889	0.800	0.842	1.0	0.0
rosetta_v06_01554_Variables_variables-1	6	0	0	1.000	1.000	1.000	0.0	0.0
rosetta_v06_00013_21-game_21-game	12	1	1	0.923	0.923	0.923	0.0	0.0
rosetta_v06_00919_Multiplication-tables_multiplication-tables	8	0	2	1.000	0.800	0.889	1.0	0.0
rosetta_v06_01436_Sum-to-100_sum-to-100-1	11	0	5	1.000	0.688	0.815	0.0	0.0
rosetta_v06_01330_Sorting-algorithms-Cocktail-sort_sorting-algorithms-cocktail-sort-3	12	0	2	1.000	0.857	0.923	0.4	0.0
rosetta_v06_01466_Terminal-control-Inverse-video_terminal-control-inverse-video	8	0	2	1.000	0.800	0.889	1.0	0.0
rosetta_v06_01034_Pascals-triangle-Puzzle_pascals-triangle-puzzle-2	11	1	1	0.917	0.917	0.917	0.0	0.0
rosetta_v06_00061_Anagrams_anagrams-1	11	0	2	1.000	0.846	0.917	0.0	0.0
rosetta_v06_00864_Matrix-transposition_matrix-transposition-2	11	1	1	0.917	0.917	0.917	0.7	0.0
rosetta_v06_01209_Rock-paper-scissors_rock-paper-scissors-1	10	0	1	1.000	0.909	0.952	0.0	0.0
rosetta_v06_01516_Two-bullet-roulette_two-bullet-roulette	10	0	1	1.000	0.909	0.952	0.0	0.0
rosetta_v06_01385_Stem-and-leaf-plot_stem-and-leaf-plot-1	11	0	1	1.000	0.917	0.957	0.0	0.0
rosetta_v06_00209_Calculating-the-value-of-e_calculating-the-value-of-e-1	8	0	2	1.000	0.800	0.889	1.0	0.0
rosetta_v06_01508_Trigonometric-functions_trigonometric-functions	8	0	2	1.000	0.800	0.889	1.0	0.0
rosetta_v06_00285_Compiler-code-generator_compiler-code-generator	23	2	5	0.920	0.821	0.868	0.0	0.0
rosetta_v06_00501_Fibonacci-word_fibonacci-word	12	0	2	1.000	0.857	0.923	0.0	0.0
rosetta_v06_01518_UPC_upc	13	1	1	0.929	0.929	0.929	0.0	0.0
rosetta_v06_01309_Smarandache-prime-digital-sequence_smarandache-prime-digital-sequence	10	4	2	0.714	0.833	0.769	0.0	0.0
macroP 0.9330671140939597
macroR 0.8551275167785235
macroF1 0.88851677852349
>>> source .venv/bin/activate && THRESH=0.38 POST_FILTER=on MODEL_PATH=models/start_detector_v06g_xgb.joblib BIN_LIST=out/binlist_test_O3_stripped.txt src/run_batch_predict.sh
file	TP	FP	FN	P	R	F1	mean_err	median_err
rosetta_v06_00064_Angles-geometric-normalization-and-conversion_angles-geometric-normalization-and-conversion	8	0	14	1.000	0.364	0.533	0.0	0.0
rosetta_v06_00120_Averages-Median_averages-median-1	11	0	1	1.000	0.917	0.957	0.0	0.0
rosetta_v06_00014_24-game_24-game	21	3	5	0.875	0.808	0.840	0.0	0.0
rosetta_v06_01593_World-Cup-group-stage_world-cup-group-stage	11	2	1	0.846	0.917	0.880	0.0	0.0
rosetta_v06_01205_Reverse-a-string_reverse-a-string-1	12	0	2	1.000	0.857	0.923	0.0	0.0
rosetta_v06_00471_Extensible-prime-generator_extensible-prime-generator-1	12	2	1	0.857	0.923	0.889	0.0	0.0
rosetta_v06_01204_Return-multiple-values_return-multiple-values-2	10	0	1	1.000	0.909	0.952	0.0	0.0
rosetta_v06_00043_Ackermann-function_ackermann-function-1	10	1	1	0.909	0.909	0.909	0.0	0.0
rosetta_v06_00692_Imaginary-base-numbers_imaginary-base-numbers	16	4	8	0.800	0.667	0.727	0.1	0.0
rosetta_v06_00131_Balanced-brackets_balanced-brackets-1	13	2	1	0.867	0.929	0.897	0.3	0.0
rosetta_v06_00924_Munching-squares_munching-squares	10	0	1	1.000	0.909	0.952	0.0	0.0
rosetta_v06_01059_Permutations-Derangements_permutations-derangements	14	2	1	0.875	0.933	0.903	0.0	0.0
rosetta_v06_00897_Mind-boggling-card-trick_mind-boggling-card-trick	13	2	2	0.867	0.867	0.867	0.0	0.0
rosetta_v06_00764_Last-Friday-of-each-month_last-friday-of-each-month	8	1	2	0.889	0.800	0.842	1.0	0.0
rosetta_v06_01597_Write-float-arrays-to-a-text-file_write-float-arrays-to-a-text-file-1	8	0	2	1.000	0.800	0.889	1.0	0.0
rosetta_v06_01489_Tic-tac-toe_tic-tac-toe	13	2	2	0.867	0.867	0.867	0.0	0.0
rosetta_v06_00638_Halt-and-catch-fire_halt-and-catch-fire	8	0	2	1.000	0.800	0.889	1.0	0.0
rosetta_v06_00411_Dutch-national-flag-problem_dutch-national-flag-problem	11	1	2	0.917	0.846	0.880	0.0	0.0
rosetta_v06_01438_Summarize-and-say-sequence_summarize-and-say-sequence	13	1	1	0.929	0.929	0.929	0.0	0.0
rosetta_v06_00866_Mayan-numerals_mayan-numerals	11	2	2	0.846	0.846	0.846	0.0	0.0
rosetta_v06_01242_Scope-Function-names-and-labels_scope-function-names-and-labels	9	0	2	1.000	0.818	0.900	0.4	0.0
rosetta_v06_01498_Topological-sort_topological-sort-1	13	0	1	1.000	0.929	0.963	0.4	0.0
rosetta_v06_00973_Numbers-which-are-the-cube-roots-of-the-product-of-their-proper-divisors_numbers-which-are-the-cube-roots-of-the-product-of-their-proper-divisors	10	0	1	1.000	0.909	0.952	0.0	0.0
rosetta_v06_00262_Combinations_combinations-2	10	1	1	0.909	0.909	0.909	0.0	0.0
rosetta_v06_00257_Colorful-numbers_colorful-numbers	11	1	1	0.917	0.917	0.917	0.0	0.0
rosetta_v06_00141_Best-shuffle_best-shuffle-1	12	2	4	0.857	0.750	0.800	0.0	0.0
rosetta_v06_00995_Ordered-words_ordered-words-3	10	1	2	0.909	0.833	0.870	0.0	0.0
rosetta_v06_01564_Verify-distribution-uniformity-Naive_verify-distribution-uniformity-naive	10	0	1	1.000	0.909	0.952	0.0	0.0
rosetta_v06_00493_Feigenbaum-constant-calculation_feigenbaum-constant-calculation	10	0	1	1.000	0.909	0.952	0.0	0.0
rosetta_v06_00118_Averages-Mean-angle_averages-mean-angle	8	0	1	1.000	0.889	0.941	0.0	0.0
rosetta_v06_00629_Guess-the-number_guess-the-number	8	0	2	1.000	0.800	0.889	1.0	0.0
rosetta_v06_00039_Accumulator-factory_accumulator-factory	7	0	4	1.000	0.636	0.778	0.0	0.0
rosetta_v06_00001_100-doors_100-doors-1	8	1	2	0.889	0.800	0.842	1.0	0.0
rosetta_v06_01104_Prime-decomposition_prime-decomposition-4	14	1	2	0.933	0.875	0.903	0.6	0.0
rosetta_v06_00330_Create-a-two-dimensional-array-at-runtime_create-a-two-dimensional-array-at-runtime-1	8	0	2	1.000	0.800	0.889	1.0	0.0
rosetta_v06_00765_Last-letter-first-letter_last-letter-first-letter-1	11	1	1	0.917	0.917	0.917	0.0	0.0
rosetta_v06_01480_Text-processing-Max-licenses-in-use_text-processing-max-licenses-in-use-2	9	0	2	1.000	0.818	0.900	0.9	0.0
rosetta_v06_01599_Write-language-name-in-3D-ASCII_write-language-name-in-3d-ascii	8	0	2	1.000	0.800	0.889	1.0	0.0
rosetta_v06_01532_Unprimeable-numbers_unprimeable-numbers	22	3	6	0.880	0.786	0.830	0.0	0.0
rosetta_v06_01449_Take-notes-on-the-command-line_take-notes-on-the-command-line	8	0	2	1.000	0.800	0.889	1.0	0.0
rosetta_v06_00611_Gotchas_gotchas-8	6	0	1	1.000	0.857	0.923	1.3	0.0
rosetta_v06_01280_Sierpinski-carpet_sierpinski-carpet-3	13	3	2	0.812	0.867	0.839	0.9	0.0
rosetta_v06_00217_Call-an-object-method_call-an-object-method	9	1	2	0.900	0.818	0.857	0.0	0.0
rosetta_v06_01039_Pells-equation_pells-equation	12	0	1	1.000	0.923	0.960	0.0	0.0
rosetta_v06_00365_Descending-primes_descending-primes	10	1	1	0.909	0.909	0.909	0.0	0.0
rosetta_v06_00539_FizzBuzz_fizzbuzz-9	8	0	2	1.000	0.800	0.889	1.0	0.0
rosetta_v06_00006_100-prisoners_100-prisoners	10	3	4	0.769	0.714	0.741	0.8	0.0
rosetta_v06_00890_Middle-three-digits_middle-three-digits-1	10	0	1	1.000	0.909	0.952	0.0	0.0
rosetta_v06_01623_Zhang-Suen-thinning-algorithm_zhang-suen-thinning-algorithm	14	1	3	0.933	0.824	0.875	0.0	0.0
rosetta_v06_01312_Sockets_sockets	8	0	2	1.000	0.800	0.889	1.0	0.0
rosetta_v06_01396_String-comparison_string-comparison-2	11	0	1	1.000	0.917	0.957	0.0	0.0
rosetta_v06_00234_Check-output-device-is-a-terminal_check-output-device-is-a-terminal	8	0	2	1.000	0.800	0.889	1.0	0.0
rosetta_v06_01477_Text-processing-2_text-processing-2	10	1	2	0.909	0.833	0.870	0.0	0.0
rosetta_v06_00023_A+B_a+b-3	8	0	2	1.000	0.800	0.889	1.0	0.0
rosetta_v06_01133_Pseudo-random-numbers-Xorshift-star_pseudo-random-numbers-xorshift-star	10	0	3	1.000	0.769	0.870	0.0	0.0
rosetta_v06_00958_Non-continuous-subsequences_non-continuous-subsequences-3	11	0	1	1.000	0.917	0.957	0.0	0.0
rosetta_v06_01220_Rosetta-Code-Rank-languages-by-popularity_rosetta-code-rank-languages-by-popularity-1	13	0	1	1.000	0.929	0.963	0.0	0.0
rosetta_v06_00781_List-rooted-trees_list-rooted-trees	14	0	1	1.000	0.933	0.966	0.3	0.0
rosetta_v06_00788_Logistic-curve-fitting-in-epidemiology_logistic-curve-fitting-in-epidemiology	12	0	1	1.000	0.923	0.960	0.0	0.0
rosetta_v06_00130_Babbage-problem_babbage-problem	8	0	2	1.000	0.800	0.889	1.0	0.0
rosetta_v06_01393_Stream-merge_stream-merge	10	0	1	1.000	0.909	0.952	0.0	0.0
rosetta_v06_00327_Create-a-two-dimensional-array-at-runtime_create-a-two-dimensional-array-at-runtime-5	8	0	2	1.000	0.800	0.889	1.0	0.0
rosetta_v06_01285_Sierpinski-triangle_sierpinski-triangle-2	7	0	1	1.000	0.875	0.933	0.0	0.0
rosetta_v06_00313_Count-in-factors_count-in-factors	9	4	2	0.692	0.818	0.750	0.0	0.0
rosetta_v06_00224_Casting-out-nines_casting-out-nines	8	0	2	1.000	0.800	0.889	1.0	0.0
rosetta_v06_01010_Pangram-checker_pangram-checker-2	10	0	1	1.000	0.909	0.952	0.0	0.0
rosetta_v06_01043_Percolation-Bond-percolation_percolation-bond-percolation	13	3	2	0.812	0.867	0.839	0.0	0.0
rosetta_v06_00283_Compile-time-calculation_compile-time-calculation-2	8	0	2	1.000	0.800	0.889	1.0	0.0
rosetta_v06_01519_URL-decoding_url-decoding	10	1	1	0.909	0.909	0.909	0.0	0.0
rosetta_v06_01197_Repeat_repeat	10	0	2	1.000	0.833	0.909	0.4	0.0
rosetta_v06_01103_Prime-decomposition_prime-decomposition-3	11	3	1	0.786	0.917	0.846	0.0	0.0
rosetta_v06_01600_Write-to-Windows-event-log_write-to-windows-event-log	8	0	2	1.000	0.800	0.889	1.0	0.0
rosetta_v06_00505_File-input-output_file-input-output-1	8	0	2	1.000	0.800	0.889	1.0	0.0
rosetta_v06_01617_Yin-and-yang_yin-and-yang	10	0	1	1.000	0.909	0.952	0.0	0.0
rosetta_v06_00542_FizzBuzz_fizzbuzz-4	8	0	2	1.000	0.800	0.889	1.0	0.0
rosetta_v06_00292_Concurrent-computing_concurrent-computing-1	12	0	1	1.000	0.923	0.960	0.0	0.0
rosetta_v06_00939_N-queens-problem_n-queens-problem-2	10	5	1	0.667	0.909	0.769	0.0	0.0
rosetta_v06_00810_Loops-Foreach_loops-foreach-2	8	0	2	1.000	0.800	0.889	1.0	0.0
rosetta_v06_01022_Parsing-RPN-calculator-algorithm_parsing-rpn-calculator-algorithm-1	11	2	3	0.846	0.786	0.815	0.0	0.0
rosetta_v06_01342_Sorting-algorithms-Pancake-sort_sorting-algorithms-pancake-sort-2	7	0	0	1.000	1.000	1.000	0.0	0.0
rosetta_v06_00435_Environment-variables_environment-variables	8	0	2	1.000	0.800	0.889	1.0	0.0
rosetta_v06_00644_Harmonic-series_harmonic-series	10	0	1	1.000	0.909	0.952	0.0	0.0
rosetta_v06_01470_Terminal-control-Unicode-output_terminal-control-unicode-output	7	1	1	0.875	0.875	0.875	0.0	0.0
rosetta_v06_01161_Random-number-generator-device-_random-number-generator-device--2	8	0	2	1.000	0.800	0.889	1.0	0.0
rosetta_v06_00432_Entropy-Narcissist_entropy-narcissist-1	11	1	1	0.917	0.917	0.917	0.4	0.0
rosetta_v06_00548_Flipping-bits-game_flipping-bits-game	13	3	4	0.812	0.765	0.788	0.6	0.0
rosetta_v06_00821_Loops-Nested_loops-nested-2	8	0	2	1.000	0.800	0.889	1.0	0.0
rosetta_v06_00646_Hash-from-two-arrays_hash-from-two-arrays	16	2	3	0.889	0.842	0.865	0.0	0.0
rosetta_v06_00114_Atomic-updates_atomic-updates-1	12	2	2	0.857	0.857	0.857	0.0	0.0
rosetta_v06_00664_Higher-order-functions_higher-order-functions-1	7	0	0	1.000	1.000	1.000	0.0	0.0
rosetta_v06_01402_String-length_string-length-3	8	0	2	1.000	0.800	0.889	1.0	0.0
rosetta_v06_01140_Pythagorean-triples_pythagorean-triples-1	8	0	2	1.000	0.800	0.889	1.0	0.0
rosetta_v06_01409_Strip-a-set-of-characters-from-a-string_strip-a-set-of-characters-from-a-string-2	10	1	1	0.909	0.909	0.909	0.0	0.0
rosetta_v06_01310_Smith-numbers_smith-numbers	11	3	4	0.786	0.733	0.759	0.0	0.0
rosetta_v06_00552_Floyds-triangle_floyds-triangle	10	0	1	1.000	0.909	0.952	0.0	0.0
rosetta_v06_00777_Levenshtein-distance_levenshtein-distance-2	11	2	2	0.846	0.846	0.846	0.0	0.0
rosetta_v06_00946_Naming-conventions_naming-conventions-3	6	0	0	1.000	1.000	1.000	0.0	0.0
rosetta_v06_01493_Tokenize-a-string-with-escaping_tokenize-a-string-with-escaping	11	0	1	1.000	0.917	0.957	0.0	0.0
rosetta_v06_01247_Search-in-paragraphs-text_search-in-paragraphs-text	11	0	1	1.000	0.917	0.957	0.0	0.0
rosetta_v06_00146_Binary-search_binary-search	7	0	3	1.000	0.700	0.824	0.0	0.0
rosetta_v06_01327_Sorting-algorithms-Bogosort_sorting-algorithms-bogosort	12	1	1	0.923	0.923	0.923	0.3	0.0
rosetta_v06_01437_Sum-to-100_sum-to-100-2	10	1	2	0.909	0.833	0.870	0.0	0.0
rosetta_v06_01372_Stack_stack-2	9	1	4	0.900	0.692	0.783	0.0	0.0
rosetta_v06_00758_Lah-numbers_lah-numbers	10	2	2	0.833	0.833	0.833	0.0	0.0
rosetta_v06_00333_Create-an-object-at-a-given-address_create-an-object-at-a-given-address-1	8	0	2	1.000	0.800	0.889	1.0	0.0
rosetta_v06_00747_Knapsack-problem-Unbounded_knapsack-problem-unbounded	7	1	2	0.875	0.778	0.824	0.0	0.0
rosetta_v06_01576_Water-collected-between-towers_water-collected-between-towers	11	0	1	1.000	0.917	0.957	0.0	0.0
rosetta_v06_00206_CUSIP_cusip	10	2	1	0.833	0.909	0.870	0.0	0.0
rosetta_v06_00466_Exponentiation-order_exponentiation-order	8	0	2	1.000	0.800	0.889	1.0	0.0
rosetta_v06_00093_Arithmetic-numbers_arithmetic-numbers	10	0	1	1.000	0.909	0.952	0.0	0.0
rosetta_v06_01442_Superpermutation-minimisation_superpermutation-minimisation	12	0	1	1.000	0.923	0.960	0.0	0.0
rosetta_v06_00393_Dot-product_dot-product	10	1	1	0.909	0.909	0.909	0.0	0.0
rosetta_v06_01266_Set-consolidation_set-consolidation-1	11	0	1	1.000	0.917	0.957	0.0	0.0
rosetta_v06_01287_Sierpinski-triangle-Graphical_sierpinski-triangle-graphical	13	0	1	1.000	0.929	0.963	0.0	0.0
rosetta_v06_00600_Golden-ratio-Convergence_golden-ratio-convergence	7	0	1	1.000	0.875	0.933	0.0	0.0
rosetta_v06_01130_Pseudo-random-numbers-Middle-square-method_pseudo-random-numbers-middle-square-method	9	0	2	1.000	0.818	0.900	0.0	0.0
rosetta_v06_01098_Pragmatic-directives_pragmatic-directives	8	0	2	1.000	0.800	0.889	1.0	0.0
rosetta_v06_00940_N-queens-problem_n-queens-problem-4	10	0	1	1.000	0.909	0.952	0.0	0.0
rosetta_v06_01494_Tonelli-Shanks-algorithm_tonelli-shanks-algorithm-2	11	1	1	0.917	0.917	0.917	0.0	0.0
rosetta_v06_00088_Arithmetic-Rational_arithmetic-rational	11	11	9	0.500	0.550	0.524	0.0	0.0
rosetta_v06_00735_Kaprekar-numbers_kaprekar-numbers-1	11	1	1	0.917	0.917	0.917	0.0	0.0
rosetta_v06_00778_Levenshtein-distance-Alignment_levenshtein-distance-alignment	10	0	1	1.000	0.909	0.952	0.0	0.0
rosetta_v06_00189_Box-the-compass_box-the-compass	8	0	2	1.000	0.800	0.889	1.0	0.0
rosetta_v06_01615_Y-combinator_y-combinator	14	1	3	0.933	0.824	0.875	0.0	0.0
rosetta_v06_01563_Verify-distribution-uniformity-Chi-squared-test_verify-distribution-uniformity-chi-squared-test-1	10	0	0	1.000	1.000	1.000	0.0	0.0
rosetta_v06_00440_Ethiopian-multiplication_ethiopian-multiplication	11	0	3	1.000	0.786	0.880	0.0	0.0
rosetta_v06_00318_Count-the-coins_count-the-coins-1	12	0	1	1.000	0.923	0.960	0.0	0.0
rosetta_v06_01590_Word-wheel_word-wheel	11	0	3	1.000	0.786	0.880	0.0	0.0
rosetta_v06_00696_Increment-a-numerical-string_increment-a-numerical-string	11	0	1	1.000	0.917	0.957	0.0	0.0
rosetta_v06_00865_Maximum-triangle-path-sum_maximum-triangle-path-sum	8	0	2	1.000	0.800	0.889	1.0	0.0
rosetta_v06_00326_Create-a-two-dimensional-array-at-runtime_create-a-two-dimensional-array-at-runtime-4	8	1	2	0.889	0.800	0.842	1.0	0.0
rosetta_v06_01554_Variables_variables-1	6	0	0	1.000	1.000	1.000	0.0	0.0
rosetta_v06_00013_21-game_21-game	12	1	1	0.923	0.923	0.923	0.0	0.0
rosetta_v06_00919_Multiplication-tables_multiplication-tables	8	0	2	1.000	0.800	0.889	1.0	0.0
rosetta_v06_01436_Sum-to-100_sum-to-100-1	11	0	5	1.000	0.688	0.815	0.0	0.0
rosetta_v06_01330_Sorting-algorithms-Cocktail-sort_sorting-algorithms-cocktail-sort-3	12	0	2	1.000	0.857	0.923	0.4	0.0
rosetta_v06_01466_Terminal-control-Inverse-video_terminal-control-inverse-video	8	0	2	1.000	0.800	0.889	1.0	0.0
rosetta_v06_01034_Pascals-triangle-Puzzle_pascals-triangle-puzzle-2	11	1	1	0.917	0.917	0.917	0.0	0.0
rosetta_v06_00061_Anagrams_anagrams-1	11	0	2	1.000	0.846	0.917	0.0	0.0
rosetta_v06_00864_Matrix-transposition_matrix-transposition-2	11	1	1	0.917	0.917	0.917	0.7	0.0
rosetta_v06_01209_Rock-paper-scissors_rock-paper-scissors-1	10	0	1	1.000	0.909	0.952	0.0	0.0
rosetta_v06_01516_Two-bullet-roulette_two-bullet-roulette	10	0	1	1.000	0.909	0.952	0.0	0.0
rosetta_v06_01385_Stem-and-leaf-plot_stem-and-leaf-plot-1	11	0	1	1.000	0.917	0.957	0.0	0.0
rosetta_v06_00209_Calculating-the-value-of-e_calculating-the-value-of-e-1	8	0	2	1.000	0.800	0.889	1.0	0.0
rosetta_v06_01508_Trigonometric-functions_trigonometric-functions	8	0	2	1.000	0.800	0.889	1.0	0.0
rosetta_v06_00285_Compiler-code-generator_compiler-code-generator	23	2	5	0.920	0.821	0.868	0.0	0.0
rosetta_v06_00501_Fibonacci-word_fibonacci-word	12	0	2	1.000	0.857	0.923	0.0	0.0
rosetta_v06_01518_UPC_upc	12	1	2	0.923	0.857	0.889	0.0	0.0
rosetta_v06_01309_Smarandache-prime-digital-sequence_smarandache-prime-digital-sequence	10	4	2	0.714	0.833	0.769	0.0	0.0
>>> source .venv/bin/activate && PYTHONPATH=src python scripts/train_models_v06_tuned.py --split splits/v06.json --train_opts O0,O1,O2,O3 --out_dir models --tag v06h
/home/nelson/fyp/objdump_ml_starter/.venv/lib/python3.13/site-packages/sklearn/linear_model/_logistic.py:473: ConvergenceWarning: lbfgs failed to converge after 2000 iteration(s) (status=1):
STOP: TOTAL NO. OF ITERATIONS REACHED LIMIT

Increase the number of iterations to improve the convergence (max_iter=2000).
You might also want to scale the data as shown in:
    https://scikit-learn.org/stable/modules/preprocessing.html
Please also refer to the documentation for alternative solver options:
    https://scikit-learn.org/stable/modules/linear_model.html#logistic-regression
  n_iter_i = _check_optimize_result(
Train set: total=113702 pos=10179 neg=103523
LogReg log-loss=0.1977
RF log-loss=0.0100
XGB log-loss=0.0213
>>> source .venv/bin/activate && THRESH=0.40 POST_FILTER=on MODEL_PATH=models/start_detector_v06h_xgb.joblib BIN_LIST=out/binlist_test_O3_stripped.txt src/run_batch_predict.sh
file	TP	FP	FN	P	R	F1	mean_err	median_err
rosetta_v06_00064_Angles-geometric-normalization-and-conversion_angles-geometric-normalization-and-conversion	11	0	11	1.000	0.500	0.667	0.0	0.0
rosetta_v06_00120_Averages-Median_averages-median-1	11	0	1	1.000	0.917	0.957	0.0	0.0
rosetta_v06_00014_24-game_24-game	20	3	6	0.870	0.769	0.816	0.0	0.0
rosetta_v06_01593_World-Cup-group-stage_world-cup-group-stage	11	1	1	0.917	0.917	0.917	0.0	0.0
rosetta_v06_01205_Reverse-a-string_reverse-a-string-1	12	0	2	1.000	0.857	0.923	0.0	0.0
rosetta_v06_00471_Extensible-prime-generator_extensible-prime-generator-1	12	2	1	0.857	0.923	0.889	0.0	0.0
rosetta_v06_01204_Return-multiple-values_return-multiple-values-2	10	0	1	1.000	0.909	0.952	0.0	0.0
rosetta_v06_00043_Ackermann-function_ackermann-function-1	10	1	1	0.909	0.909	0.909	0.0	0.0
rosetta_v06_00692_Imaginary-base-numbers_imaginary-base-numbers	16	3	8	0.842	0.667	0.744	0.0	0.0
rosetta_v06_00131_Balanced-brackets_balanced-brackets-1	13	0	1	1.000	0.929	0.963	0.3	0.0
rosetta_v06_00924_Munching-squares_munching-squares	10	0	1	1.000	0.909	0.952	0.0	0.0
rosetta_v06_01059_Permutations-Derangements_permutations-derangements	14	1	1	0.933	0.933	0.933	0.0	0.0
rosetta_v06_00897_Mind-boggling-card-trick_mind-boggling-card-trick	13	2	2	0.867	0.867	0.867	0.0	0.0
rosetta_v06_00764_Last-Friday-of-each-month_last-friday-of-each-month	8	1	2	0.889	0.800	0.842	1.0	0.0
rosetta_v06_01597_Write-float-arrays-to-a-text-file_write-float-arrays-to-a-text-file-1	8	0	2	1.000	0.800	0.889	1.0	0.0
rosetta_v06_01489_Tic-tac-toe_tic-tac-toe	13	1	2	0.929	0.867	0.897	0.0	0.0
rosetta_v06_00638_Halt-and-catch-fire_halt-and-catch-fire	8	0	2	1.000	0.800	0.889	1.0	0.0
rosetta_v06_00411_Dutch-national-flag-problem_dutch-national-flag-problem	11	1	2	0.917	0.846	0.880	0.0	0.0
rosetta_v06_01438_Summarize-and-say-sequence_summarize-and-say-sequence	13	1	1	0.929	0.929	0.929	0.0	0.0
rosetta_v06_00866_Mayan-numerals_mayan-numerals	11	2	2	0.846	0.846	0.846	0.0	0.0
rosetta_v06_01242_Scope-Function-names-and-labels_scope-function-names-and-labels	9	0	2	1.000	0.818	0.900	0.4	0.0
rosetta_v06_01498_Topological-sort_topological-sort-1	13	0	1	1.000	0.929	0.963	0.4	0.0
rosetta_v06_00973_Numbers-which-are-the-cube-roots-of-the-product-of-their-proper-divisors_numbers-which-are-the-cube-roots-of-the-product-of-their-proper-divisors	10	0	1	1.000	0.909	0.952	0.0	0.0
rosetta_v06_00262_Combinations_combinations-2	10	1	1	0.909	0.909	0.909	0.0	0.0
rosetta_v06_00257_Colorful-numbers_colorful-numbers	11	1	1	0.917	0.917	0.917	0.0	0.0
rosetta_v06_00141_Best-shuffle_best-shuffle-1	12	3	4	0.800	0.750	0.774	0.0	0.0
rosetta_v06_00995_Ordered-words_ordered-words-3	10	1	2	0.909	0.833	0.870	0.0	0.0
rosetta_v06_01564_Verify-distribution-uniformity-Naive_verify-distribution-uniformity-naive	10	0	1	1.000	0.909	0.952	0.0	0.0
rosetta_v06_00493_Feigenbaum-constant-calculation_feigenbaum-constant-calculation	10	0	1	1.000	0.909	0.952	0.0	0.0
rosetta_v06_00118_Averages-Mean-angle_averages-mean-angle	8	0	1	1.000	0.889	0.941	0.0	0.0
rosetta_v06_00629_Guess-the-number_guess-the-number	8	0	2	1.000	0.800	0.889	1.0	0.0
rosetta_v06_00039_Accumulator-factory_accumulator-factory	7	0	4	1.000	0.636	0.778	0.0	0.0
rosetta_v06_00001_100-doors_100-doors-1	8	0	2	1.000	0.800	0.889	1.0	0.0
rosetta_v06_01104_Prime-decomposition_prime-decomposition-4	15	0	1	1.000	0.938	0.968	0.5	0.0
rosetta_v06_00330_Create-a-two-dimensional-array-at-runtime_create-a-two-dimensional-array-at-runtime-1	8	0	2	1.000	0.800	0.889	1.0	0.0
rosetta_v06_00765_Last-letter-first-letter_last-letter-first-letter-1	11	1	1	0.917	0.917	0.917	0.0	0.0
rosetta_v06_01480_Text-processing-Max-licenses-in-use_text-processing-max-licenses-in-use-2	9	0	2	1.000	0.818	0.900	0.9	0.0
rosetta_v06_01599_Write-language-name-in-3D-ASCII_write-language-name-in-3d-ascii	8	0	2	1.000	0.800	0.889	1.0	0.0
rosetta_v06_01532_Unprimeable-numbers_unprimeable-numbers	21	4	7	0.840	0.750	0.792	0.0	0.0
rosetta_v06_01449_Take-notes-on-the-command-line_take-notes-on-the-command-line	8	0	2	1.000	0.800	0.889	1.0	0.0
rosetta_v06_00611_Gotchas_gotchas-8	6	0	1	1.000	0.857	0.923	1.3	0.0
rosetta_v06_01280_Sierpinski-carpet_sierpinski-carpet-3	13	1	2	0.929	0.867	0.897	0.9	0.0
rosetta_v06_00217_Call-an-object-method_call-an-object-method	9	1	2	0.900	0.818	0.857	0.0	0.0
rosetta_v06_01039_Pells-equation_pells-equation	12	0	1	1.000	0.923	0.960	0.0	0.0
rosetta_v06_00365_Descending-primes_descending-primes	10	1	1	0.909	0.909	0.909	0.0	0.0
rosetta_v06_00539_FizzBuzz_fizzbuzz-9	8	0	2	1.000	0.800	0.889	1.0	0.0
rosetta_v06_00006_100-prisoners_100-prisoners	10	2	4	0.833	0.714	0.769	0.8	0.0
rosetta_v06_00890_Middle-three-digits_middle-three-digits-1	10	0	1	1.000	0.909	0.952	0.0	0.0
rosetta_v06_01623_Zhang-Suen-thinning-algorithm_zhang-suen-thinning-algorithm	14	2	3	0.875	0.824	0.848	0.0	0.0
rosetta_v06_01312_Sockets_sockets	8	0	2	1.000	0.800	0.889	1.0	0.0
rosetta_v06_01396_String-comparison_string-comparison-2	11	0	1	1.000	0.917	0.957	0.0	0.0
rosetta_v06_00234_Check-output-device-is-a-terminal_check-output-device-is-a-terminal	8	0	2	1.000	0.800	0.889	1.0	0.0
rosetta_v06_01477_Text-processing-2_text-processing-2	10	2	2	0.833	0.833	0.833	0.0	0.0
rosetta_v06_00023_A+B_a+b-3	8	0	2	1.000	0.800	0.889	1.0	0.0
rosetta_v06_01133_Pseudo-random-numbers-Xorshift-star_pseudo-random-numbers-xorshift-star	10	0	3	1.000	0.769	0.870	0.0	0.0
rosetta_v06_00958_Non-continuous-subsequences_non-continuous-subsequences-3	11	0	1	1.000	0.917	0.957	0.0	0.0
rosetta_v06_01220_Rosetta-Code-Rank-languages-by-popularity_rosetta-code-rank-languages-by-popularity-1	13	0	1	1.000	0.929	0.963	0.0	0.0
rosetta_v06_00781_List-rooted-trees_list-rooted-trees	14	0	1	1.000	0.933	0.966	0.3	0.0
rosetta_v06_00788_Logistic-curve-fitting-in-epidemiology_logistic-curve-fitting-in-epidemiology	12	1	1	0.923	0.923	0.923	0.0	0.0
rosetta_v06_00130_Babbage-problem_babbage-problem	8	0	2	1.000	0.800	0.889	1.0	0.0
rosetta_v06_01393_Stream-merge_stream-merge	10	0	1	1.000	0.909	0.952	0.0	0.0
rosetta_v06_00327_Create-a-two-dimensional-array-at-runtime_create-a-two-dimensional-array-at-runtime-5	8	0	2	1.000	0.800	0.889	1.0	0.0
rosetta_v06_01285_Sierpinski-triangle_sierpinski-triangle-2	7	0	1	1.000	0.875	0.933	0.0	0.0
rosetta_v06_00313_Count-in-factors_count-in-factors	9	4	2	0.692	0.818	0.750	0.0	0.0
rosetta_v06_00224_Casting-out-nines_casting-out-nines	8	0	2	1.000	0.800	0.889	1.0	0.0
rosetta_v06_01010_Pangram-checker_pangram-checker-2	10	0	1	1.000	0.909	0.952	0.0	0.0
rosetta_v06_01043_Percolation-Bond-percolation_percolation-bond-percolation	13	4	2	0.765	0.867	0.812	0.0	0.0
rosetta_v06_00283_Compile-time-calculation_compile-time-calculation-2	8	0	2	1.000	0.800	0.889	1.0	0.0
rosetta_v06_01519_URL-decoding_url-decoding	10	0	1	1.000	0.909	0.952	0.0	0.0
rosetta_v06_01197_Repeat_repeat	10	0	2	1.000	0.833	0.909	0.4	0.0
rosetta_v06_01103_Prime-decomposition_prime-decomposition-3	11	2	1	0.846	0.917	0.880	0.0	0.0
rosetta_v06_01600_Write-to-Windows-event-log_write-to-windows-event-log	8	0	2	1.000	0.800	0.889	1.0	0.0
rosetta_v06_00505_File-input-output_file-input-output-1	8	0	2	1.000	0.800	0.889	1.0	0.0
rosetta_v06_01617_Yin-and-yang_yin-and-yang	10	0	1	1.000	0.909	0.952	0.0	0.0
rosetta_v06_00542_FizzBuzz_fizzbuzz-4	8	0	2	1.000	0.800	0.889	1.0	0.0
rosetta_v06_00292_Concurrent-computing_concurrent-computing-1	12	0	1	1.000	0.923	0.960	0.0	0.0
rosetta_v06_00939_N-queens-problem_n-queens-problem-2	10	5	1	0.667	0.909	0.769	0.0	0.0
rosetta_v06_00810_Loops-Foreach_loops-foreach-2	8	0	2	1.000	0.800	0.889	1.0	0.0
rosetta_v06_01022_Parsing-RPN-calculator-algorithm_parsing-rpn-calculator-algorithm-1	11	2	3	0.846	0.786	0.815	0.0	0.0
rosetta_v06_01342_Sorting-algorithms-Pancake-sort_sorting-algorithms-pancake-sort-2	7	1	0	0.875	1.000	0.933	0.0	0.0
rosetta_v06_00435_Environment-variables_environment-variables	8	0	2	1.000	0.800	0.889	1.0	0.0
rosetta_v06_00644_Harmonic-series_harmonic-series	10	0	1	1.000	0.909	0.952	0.0	0.0
rosetta_v06_01470_Terminal-control-Unicode-output_terminal-control-unicode-output	7	1	1	0.875	0.875	0.875	0.0	0.0
rosetta_v06_01161_Random-number-generator-device-_random-number-generator-device--2	8	0	2	1.000	0.800	0.889	1.0	0.0
rosetta_v06_00432_Entropy-Narcissist_entropy-narcissist-1	11	1	1	0.917	0.917	0.917	0.4	0.0
rosetta_v06_00548_Flipping-bits-game_flipping-bits-game	13	2	4	0.867	0.765	0.812	0.6	0.0
rosetta_v06_00821_Loops-Nested_loops-nested-2	8	0	2	1.000	0.800	0.889	1.0	0.0
rosetta_v06_00646_Hash-from-two-arrays_hash-from-two-arrays	16	2	3	0.889	0.842	0.865	0.0	0.0
rosetta_v06_00114_Atomic-updates_atomic-updates-1	12	1	2	0.923	0.857	0.889	0.0	0.0
rosetta_v06_00664_Higher-order-functions_higher-order-functions-1	7	0	0	1.000	1.000	1.000	0.0	0.0
rosetta_v06_01402_String-length_string-length-3	8	0	2	1.000	0.800	0.889	1.0	0.0
rosetta_v06_01140_Pythagorean-triples_pythagorean-triples-1	8	0	2	1.000	0.800	0.889	1.0	0.0
rosetta_v06_01409_Strip-a-set-of-characters-from-a-string_strip-a-set-of-characters-from-a-string-2	10	0	1	1.000	0.909	0.952	0.0	0.0
rosetta_v06_01310_Smith-numbers_smith-numbers	11	4	4	0.733	0.733	0.733	0.0	0.0
rosetta_v06_00552_Floyds-triangle_floyds-triangle	10	0	1	1.000	0.909	0.952	0.0	0.0
rosetta_v06_00777_Levenshtein-distance_levenshtein-distance-2	11	2	2	0.846	0.846	0.846	0.0	0.0
rosetta_v06_00946_Naming-conventions_naming-conventions-3	6	0	0	1.000	1.000	1.000	0.0	0.0
rosetta_v06_01493_Tokenize-a-string-with-escaping_tokenize-a-string-with-escaping	11	0	1	1.000	0.917	0.957	0.0	0.0
rosetta_v06_01247_Search-in-paragraphs-text_search-in-paragraphs-text	11	0	1	1.000	0.917	0.957	0.0	0.0
rosetta_v06_00146_Binary-search_binary-search	7	0	3	1.000	0.700	0.824	0.0	0.0
rosetta_v06_01327_Sorting-algorithms-Bogosort_sorting-algorithms-bogosort	12	2	1	0.857	0.923	0.889	0.3	0.0
rosetta_v06_01437_Sum-to-100_sum-to-100-2	10	1	2	0.909	0.833	0.870	0.0	0.0
rosetta_v06_01372_Stack_stack-2	9	1	4	0.900	0.692	0.783	0.0	0.0
rosetta_v06_00758_Lah-numbers_lah-numbers	10	3	2	0.769	0.833	0.800	0.0	0.0
rosetta_v06_00333_Create-an-object-at-a-given-address_create-an-object-at-a-given-address-1	8	0	2	1.000	0.800	0.889	1.0	0.0
rosetta_v06_00747_Knapsack-problem-Unbounded_knapsack-problem-unbounded	7	1	2	0.875	0.778	0.824	0.0	0.0
rosetta_v06_01576_Water-collected-between-towers_water-collected-between-towers	11	0	1	1.000	0.917	0.957	0.0	0.0
rosetta_v06_00206_CUSIP_cusip	10	1	1	0.909	0.909	0.909	0.0	0.0
rosetta_v06_00466_Exponentiation-order_exponentiation-order	8	0	2	1.000	0.800	0.889	1.0	0.0
rosetta_v06_00093_Arithmetic-numbers_arithmetic-numbers	10	0	1	1.000	0.909	0.952	0.0	0.0
rosetta_v06_01442_Superpermutation-minimisation_superpermutation-minimisation	12	1	1	0.923	0.923	0.923	0.0	0.0
rosetta_v06_00393_Dot-product_dot-product	10	0	1	1.000	0.909	0.952	0.0	0.0
rosetta_v06_01266_Set-consolidation_set-consolidation-1	11	0	1	1.000	0.917	0.957	0.0	0.0
rosetta_v06_01287_Sierpinski-triangle-Graphical_sierpinski-triangle-graphical	13	0	1	1.000	0.929	0.963	0.0	0.0
rosetta_v06_00600_Golden-ratio-Convergence_golden-ratio-convergence	7	0	1	1.000	0.875	0.933	0.0	0.0
rosetta_v06_01130_Pseudo-random-numbers-Middle-square-method_pseudo-random-numbers-middle-square-method	10	0	1	1.000	0.909	0.952	0.0	0.0
rosetta_v06_01098_Pragmatic-directives_pragmatic-directives	8	0	2	1.000	0.800	0.889	1.0	0.0
rosetta_v06_00940_N-queens-problem_n-queens-problem-4	10	0	1	1.000	0.909	0.952	0.0	0.0
rosetta_v06_01494_Tonelli-Shanks-algorithm_tonelli-shanks-algorithm-2	11	0	1	1.000	0.917	0.957	0.0	0.0
rosetta_v06_00088_Arithmetic-Rational_arithmetic-rational	11	10	9	0.524	0.550	0.537	0.0	0.0
rosetta_v06_00735_Kaprekar-numbers_kaprekar-numbers-1	11	1	1	0.917	0.917	0.917	0.0	0.0
rosetta_v06_00778_Levenshtein-distance-Alignment_levenshtein-distance-alignment	10	0	1	1.000	0.909	0.952	0.0	0.0
rosetta_v06_00189_Box-the-compass_box-the-compass	8	0	2	1.000	0.800	0.889	1.0	0.0
rosetta_v06_01615_Y-combinator_y-combinator	14	1	3	0.933	0.824	0.875	0.0	0.0
rosetta_v06_01563_Verify-distribution-uniformity-Chi-squared-test_verify-distribution-uniformity-chi-squared-test-1	10	0	0	1.000	1.000	1.000	0.0	0.0
rosetta_v06_00440_Ethiopian-multiplication_ethiopian-multiplication	11	0	3	1.000	0.786	0.880	0.0	0.0
rosetta_v06_00318_Count-the-coins_count-the-coins-1	12	1	1	0.923	0.923	0.923	0.0	0.0
rosetta_v06_01590_Word-wheel_word-wheel	11	0	3	1.000	0.786	0.880	0.0	0.0
rosetta_v06_00696_Increment-a-numerical-string_increment-a-numerical-string	11	1	1	0.917	0.917	0.917	0.0	0.0
rosetta_v06_00865_Maximum-triangle-path-sum_maximum-triangle-path-sum	8	0	2	1.000	0.800	0.889	1.0	0.0
rosetta_v06_00326_Create-a-two-dimensional-array-at-runtime_create-a-two-dimensional-array-at-runtime-4	8	1	2	0.889	0.800	0.842	1.0	0.0
rosetta_v06_01554_Variables_variables-1	6	0	0	1.000	1.000	1.000	0.0	0.0
rosetta_v06_00013_21-game_21-game	12	1	1	0.923	0.923	0.923	0.0	0.0
rosetta_v06_00919_Multiplication-tables_multiplication-tables	8	0	2	1.000	0.800	0.889	1.0	0.0
rosetta_v06_01436_Sum-to-100_sum-to-100-1	11	1	5	0.917	0.688	0.786	0.0	0.0
rosetta_v06_01330_Sorting-algorithms-Cocktail-sort_sorting-algorithms-cocktail-sort-3	12	0	2	1.000	0.857	0.923	0.4	0.0
rosetta_v06_01466_Terminal-control-Inverse-video_terminal-control-inverse-video	8	0	2	1.000	0.800	0.889	1.0	0.0
rosetta_v06_01034_Pascals-triangle-Puzzle_pascals-triangle-puzzle-2	11	1	1	0.917	0.917	0.917	0.0	0.0
rosetta_v06_00061_Anagrams_anagrams-1	11	0	2	1.000	0.846	0.917	0.0	0.0
rosetta_v06_00864_Matrix-transposition_matrix-transposition-2	11	1	1	0.917	0.917	0.917	0.7	0.0
rosetta_v06_01209_Rock-paper-scissors_rock-paper-scissors-1	10	0	1	1.000	0.909	0.952	0.0	0.0
rosetta_v06_01516_Two-bullet-roulette_two-bullet-roulette	10	0	1	1.000	0.909	0.952	0.0	0.0
rosetta_v06_01385_Stem-and-leaf-plot_stem-and-leaf-plot-1	11	0	1	1.000	0.917	0.957	0.0	0.0
rosetta_v06_00209_Calculating-the-value-of-e_calculating-the-value-of-e-1	8	0	2	1.000	0.800	0.889	1.0	0.0
rosetta_v06_01508_Trigonometric-functions_trigonometric-functions	8	0	2	1.000	0.800	0.889	1.0	0.0
rosetta_v06_00285_Compiler-code-generator_compiler-code-generator	23	2	5	0.920	0.821	0.868	0.0	0.0
rosetta_v06_00501_Fibonacci-word_fibonacci-word	12	0	2	1.000	0.857	0.923	0.0	0.0
rosetta_v06_01518_UPC_upc	13	1	1	0.929	0.929	0.929	0.0	0.0
rosetta_v06_01309_Smarandache-prime-digital-sequence_smarandache-prime-digital-sequence	10	3	2	0.769	0.833	0.800	0.0	0.0
>>> source .venv/bin/activate && THRESH=0.40 POST_FILTER=off MODEL_PATH=models/start_detector_v06h_xgb.joblib BIN_LIST=out/binlist_test_O3_stripped.txt src/run_batch_predict.sh
file	TP	FP	FN	P	R	F1	mean_err	median_err
rosetta_v06_00064_Angles-geometric-normalization-and-conversion_angles-geometric-normalization-and-conversion	11	0	11	1.000	0.500	0.667	0.0	0.0
rosetta_v06_00120_Averages-Median_averages-median-1	11	0	1	1.000	0.917	0.957	0.0	0.0
rosetta_v06_00014_24-game_24-game	20	3	6	0.870	0.769	0.816	0.0	0.0
rosetta_v06_01593_World-Cup-group-stage_world-cup-group-stage	11	1	1	0.917	0.917	0.917	0.0	0.0
rosetta_v06_01205_Reverse-a-string_reverse-a-string-1	12	0	2	1.000	0.857	0.923	0.0	0.0
rosetta_v06_00471_Extensible-prime-generator_extensible-prime-generator-1	12	2	1	0.857	0.923	0.889	0.0	0.0
rosetta_v06_01204_Return-multiple-values_return-multiple-values-2	10	0	1	1.000	0.909	0.952	0.0	0.0
rosetta_v06_00043_Ackermann-function_ackermann-function-1	10	1	1	0.909	0.909	0.909	0.0	0.0
rosetta_v06_00692_Imaginary-base-numbers_imaginary-base-numbers	16	3	8	0.842	0.667	0.744	0.0	0.0
rosetta_v06_00131_Balanced-brackets_balanced-brackets-1	13	0	1	1.000	0.929	0.963	0.3	0.0
rosetta_v06_00924_Munching-squares_munching-squares	10	0	1	1.000	0.909	0.952	0.0	0.0
rosetta_v06_01059_Permutations-Derangements_permutations-derangements	14	1	1	0.933	0.933	0.933	0.0	0.0
rosetta_v06_00897_Mind-boggling-card-trick_mind-boggling-card-trick	13	2	2	0.867	0.867	0.867	0.0	0.0
rosetta_v06_00764_Last-Friday-of-each-month_last-friday-of-each-month	8	1	2	0.889	0.800	0.842	1.0	0.0
rosetta_v06_01597_Write-float-arrays-to-a-text-file_write-float-arrays-to-a-text-file-1	8	0	2	1.000	0.800	0.889	1.0	0.0
rosetta_v06_01489_Tic-tac-toe_tic-tac-toe	13	1	2	0.929	0.867	0.897	0.0	0.0
rosetta_v06_00638_Halt-and-catch-fire_halt-and-catch-fire	8	0	2	1.000	0.800	0.889	1.0	0.0
rosetta_v06_00411_Dutch-national-flag-problem_dutch-national-flag-problem	11	1	2	0.917	0.846	0.880	0.0	0.0
rosetta_v06_01438_Summarize-and-say-sequence_summarize-and-say-sequence	13	1	1	0.929	0.929	0.929	0.0	0.0
rosetta_v06_00866_Mayan-numerals_mayan-numerals	11	2	2	0.846	0.846	0.846	0.0	0.0
rosetta_v06_01242_Scope-Function-names-and-labels_scope-function-names-and-labels	9	0	2	1.000	0.818	0.900	0.4	0.0
rosetta_v06_01498_Topological-sort_topological-sort-1	13	0	1	1.000	0.929	0.963	0.4	0.0
rosetta_v06_00973_Numbers-which-are-the-cube-roots-of-the-product-of-their-proper-divisors_numbers-which-are-the-cube-roots-of-the-product-of-their-proper-divisors	10	0	1	1.000	0.909	0.952	0.0	0.0
rosetta_v06_00262_Combinations_combinations-2	10	1	1	0.909	0.909	0.909	0.0	0.0
rosetta_v06_00257_Colorful-numbers_colorful-numbers	11	1	1	0.917	0.917	0.917	0.0	0.0
rosetta_v06_00141_Best-shuffle_best-shuffle-1	12	3	4	0.800	0.750	0.774	0.0	0.0
rosetta_v06_00995_Ordered-words_ordered-words-3	10	1	2	0.909	0.833	0.870	0.0	0.0
rosetta_v06_01564_Verify-distribution-uniformity-Naive_verify-distribution-uniformity-naive	10	0	1	1.000	0.909	0.952	0.0	0.0
rosetta_v06_00493_Feigenbaum-constant-calculation_feigenbaum-constant-calculation	10	0	1	1.000	0.909	0.952	0.0	0.0
rosetta_v06_00118_Averages-Mean-angle_averages-mean-angle	8	0	1	1.000	0.889	0.941	0.0	0.0
rosetta_v06_00629_Guess-the-number_guess-the-number	8	0	2	1.000	0.800	0.889	1.0	0.0
rosetta_v06_00039_Accumulator-factory_accumulator-factory	7	0	4	1.000	0.636	0.778	0.0	0.0
rosetta_v06_00001_100-doors_100-doors-1	8	0	2	1.000	0.800	0.889	1.0	0.0
rosetta_v06_01104_Prime-decomposition_prime-decomposition-4	15	0	1	1.000	0.938	0.968	0.5	0.0
rosetta_v06_00330_Create-a-two-dimensional-array-at-runtime_create-a-two-dimensional-array-at-runtime-1	8	0	2	1.000	0.800	0.889	1.0	0.0
rosetta_v06_00765_Last-letter-first-letter_last-letter-first-letter-1	11	1	1	0.917	0.917	0.917	0.0	0.0
rosetta_v06_01480_Text-processing-Max-licenses-in-use_text-processing-max-licenses-in-use-2	9	0	2	1.000	0.818	0.900	0.9	0.0
rosetta_v06_01599_Write-language-name-in-3D-ASCII_write-language-name-in-3d-ascii	8	0	2	1.000	0.800	0.889	1.0	0.0
rosetta_v06_01532_Unprimeable-numbers_unprimeable-numbers	21	4	7	0.840	0.750	0.792	0.0	0.0
rosetta_v06_01449_Take-notes-on-the-command-line_take-notes-on-the-command-line	8	0	2	1.000	0.800	0.889	1.0	0.0
rosetta_v06_00611_Gotchas_gotchas-8	6	0	1	1.000	0.857	0.923	1.3	0.0
rosetta_v06_01280_Sierpinski-carpet_sierpinski-carpet-3	13	1	2	0.929	0.867	0.897	0.9	0.0
rosetta_v06_00217_Call-an-object-method_call-an-object-method	9	1	2	0.900	0.818	0.857	0.0	0.0
rosetta_v06_01039_Pells-equation_pells-equation	12	0	1	1.000	0.923	0.960	0.0	0.0
rosetta_v06_00365_Descending-primes_descending-primes	10	1	1	0.909	0.909	0.909	0.0	0.0
rosetta_v06_00539_FizzBuzz_fizzbuzz-9	8	0	2	1.000	0.800	0.889	1.0	0.0
rosetta_v06_00006_100-prisoners_100-prisoners	10	2	4	0.833	0.714	0.769	0.8	0.0
rosetta_v06_00890_Middle-three-digits_middle-three-digits-1	10	0	1	1.000	0.909	0.952	0.0	0.0
rosetta_v06_01623_Zhang-Suen-thinning-algorithm_zhang-suen-thinning-algorithm	14	2	3	0.875	0.824	0.848	0.0	0.0
rosetta_v06_01312_Sockets_sockets	8	0	2	1.000	0.800	0.889	1.0	0.0
rosetta_v06_01396_String-comparison_string-comparison-2	11	0	1	1.000	0.917	0.957	0.0	0.0
rosetta_v06_00234_Check-output-device-is-a-terminal_check-output-device-is-a-terminal	8	0	2	1.000	0.800	0.889	1.0	0.0
rosetta_v06_01477_Text-processing-2_text-processing-2	10	2	2	0.833	0.833	0.833	0.0	0.0
rosetta_v06_00023_A+B_a+b-3	8	0	2	1.000	0.800	0.889	1.0	0.0
rosetta_v06_01133_Pseudo-random-numbers-Xorshift-star_pseudo-random-numbers-xorshift-star	10	0	3	1.000	0.769	0.870	0.0	0.0
rosetta_v06_00958_Non-continuous-subsequences_non-continuous-subsequences-3	11	0	1	1.000	0.917	0.957	0.0	0.0
rosetta_v06_01220_Rosetta-Code-Rank-languages-by-popularity_rosetta-code-rank-languages-by-popularity-1	13	0	1	1.000	0.929	0.963	0.0	0.0
rosetta_v06_00781_List-rooted-trees_list-rooted-trees	14	0	1	1.000	0.933	0.966	0.3	0.0
rosetta_v06_00788_Logistic-curve-fitting-in-epidemiology_logistic-curve-fitting-in-epidemiology	12	1	1	0.923	0.923	0.923	0.0	0.0
rosetta_v06_00130_Babbage-problem_babbage-problem	8	0	2	1.000	0.800	0.889	1.0	0.0
rosetta_v06_01393_Stream-merge_stream-merge	10	0	1	1.000	0.909	0.952	0.0	0.0
rosetta_v06_00327_Create-a-two-dimensional-array-at-runtime_create-a-two-dimensional-array-at-runtime-5	8	0	2	1.000	0.800	0.889	1.0	0.0
rosetta_v06_01285_Sierpinski-triangle_sierpinski-triangle-2	7	0	1	1.000	0.875	0.933	0.0	0.0
rosetta_v06_00313_Count-in-factors_count-in-factors	9	4	2	0.692	0.818	0.750	0.0	0.0
rosetta_v06_00224_Casting-out-nines_casting-out-nines	8	0	2	1.000	0.800	0.889	1.0	0.0
rosetta_v06_01010_Pangram-checker_pangram-checker-2	10	0	1	1.000	0.909	0.952	0.0	0.0
rosetta_v06_01043_Percolation-Bond-percolation_percolation-bond-percolation	13	4	2	0.765	0.867	0.812	0.0	0.0
rosetta_v06_00283_Compile-time-calculation_compile-time-calculation-2	8	0	2	1.000	0.800	0.889	1.0	0.0
rosetta_v06_01519_URL-decoding_url-decoding	10	0	1	1.000	0.909	0.952	0.0	0.0
rosetta_v06_01197_Repeat_repeat	10	0	2	1.000	0.833	0.909	0.4	0.0
rosetta_v06_01103_Prime-decomposition_prime-decomposition-3	11	2	1	0.846	0.917	0.880	0.0	0.0
rosetta_v06_01600_Write-to-Windows-event-log_write-to-windows-event-log	8	0	2	1.000	0.800	0.889	1.0	0.0
rosetta_v06_00505_File-input-output_file-input-output-1	8	0	2	1.000	0.800	0.889	1.0	0.0
rosetta_v06_01617_Yin-and-yang_yin-and-yang	10	0	1	1.000	0.909	0.952	0.0	0.0
rosetta_v06_00542_FizzBuzz_fizzbuzz-4	8	0	2	1.000	0.800	0.889	1.0	0.0
rosetta_v06_00292_Concurrent-computing_concurrent-computing-1	12	0	1	1.000	0.923	0.960	0.0	0.0
rosetta_v06_00939_N-queens-problem_n-queens-problem-2	10	5	1	0.667	0.909	0.769	0.0	0.0
rosetta_v06_00810_Loops-Foreach_loops-foreach-2	8	0	2	1.000	0.800	0.889	1.0	0.0
rosetta_v06_01022_Parsing-RPN-calculator-algorithm_parsing-rpn-calculator-algorithm-1	11	2	3	0.846	0.786	0.815	0.0	0.0
rosetta_v06_01342_Sorting-algorithms-Pancake-sort_sorting-algorithms-pancake-sort-2	7	1	0	0.875	1.000	0.933	0.0	0.0
rosetta_v06_00435_Environment-variables_environment-variables	8	0	2	1.000	0.800	0.889	1.0	0.0
rosetta_v06_00644_Harmonic-series_harmonic-series	10	0	1	1.000	0.909	0.952	0.0	0.0
rosetta_v06_01470_Terminal-control-Unicode-output_terminal-control-unicode-output	7	1	1	0.875	0.875	0.875	0.0	0.0
rosetta_v06_01161_Random-number-generator-device-_random-number-generator-device--2	8	0	2	1.000	0.800	0.889	1.0	0.0
rosetta_v06_00432_Entropy-Narcissist_entropy-narcissist-1	11	1	1	0.917	0.917	0.917	0.4	0.0
rosetta_v06_00548_Flipping-bits-game_flipping-bits-game	13	2	4	0.867	0.765	0.812	0.6	0.0
rosetta_v06_00821_Loops-Nested_loops-nested-2	8	0	2	1.000	0.800	0.889	1.0	0.0
rosetta_v06_00646_Hash-from-two-arrays_hash-from-two-arrays	16	2	3	0.889	0.842	0.865	0.0	0.0
rosetta_v06_00114_Atomic-updates_atomic-updates-1	12	1	2	0.923	0.857	0.889	0.0	0.0
rosetta_v06_00664_Higher-order-functions_higher-order-functions-1	7	0	0	1.000	1.000	1.000	0.0	0.0
rosetta_v06_01402_String-length_string-length-3	8	0	2	1.000	0.800	0.889	1.0	0.0
rosetta_v06_01140_Pythagorean-triples_pythagorean-triples-1	8	0	2	1.000	0.800	0.889	1.0	0.0
rosetta_v06_01409_Strip-a-set-of-characters-from-a-string_strip-a-set-of-characters-from-a-string-2	10	0	1	1.000	0.909	0.952	0.0	0.0
rosetta_v06_01310_Smith-numbers_smith-numbers	11	4	4	0.733	0.733	0.733	0.0	0.0
rosetta_v06_00552_Floyds-triangle_floyds-triangle	10	0	1	1.000	0.909	0.952	0.0	0.0
rosetta_v06_00777_Levenshtein-distance_levenshtein-distance-2	11	2	2	0.846	0.846	0.846	0.0	0.0
rosetta_v06_00946_Naming-conventions_naming-conventions-3	6	0	0	1.000	1.000	1.000	0.0	0.0
rosetta_v06_01493_Tokenize-a-string-with-escaping_tokenize-a-string-with-escaping	11	0	1	1.000	0.917	0.957	0.0	0.0
rosetta_v06_01247_Search-in-paragraphs-text_search-in-paragraphs-text	11	0	1	1.000	0.917	0.957	0.0	0.0
rosetta_v06_00146_Binary-search_binary-search	7	0	3	1.000	0.700	0.824	0.0	0.0
rosetta_v06_01327_Sorting-algorithms-Bogosort_sorting-algorithms-bogosort	12	2	1	0.857	0.923	0.889	0.3	0.0
rosetta_v06_01437_Sum-to-100_sum-to-100-2	10	1	2	0.909	0.833	0.870	0.0	0.0
rosetta_v06_01372_Stack_stack-2	9	1	4	0.900	0.692	0.783	0.0	0.0
rosetta_v06_00758_Lah-numbers_lah-numbers	10	3	2	0.769	0.833	0.800	0.0	0.0
rosetta_v06_00333_Create-an-object-at-a-given-address_create-an-object-at-a-given-address-1	8	0	2	1.000	0.800	0.889	1.0	0.0
rosetta_v06_00747_Knapsack-problem-Unbounded_knapsack-problem-unbounded	7	1	2	0.875	0.778	0.824	0.0	0.0
rosetta_v06_01576_Water-collected-between-towers_water-collected-between-towers	11	0	1	1.000	0.917	0.957	0.0	0.0
rosetta_v06_00206_CUSIP_cusip	10	1	1	0.909	0.909	0.909	0.0	0.0
rosetta_v06_00466_Exponentiation-order_exponentiation-order	8	0	2	1.000	0.800	0.889	1.0	0.0
rosetta_v06_00093_Arithmetic-numbers_arithmetic-numbers	10	0	1	1.000	0.909	0.952	0.0	0.0
rosetta_v06_01442_Superpermutation-minimisation_superpermutation-minimisation	12	1	1	0.923	0.923	0.923	0.0	0.0
rosetta_v06_00393_Dot-product_dot-product	10	0	1	1.000	0.909	0.952	0.0	0.0
rosetta_v06_01266_Set-consolidation_set-consolidation-1	11	0	1	1.000	0.917	0.957	0.0	0.0
rosetta_v06_01287_Sierpinski-triangle-Graphical_sierpinski-triangle-graphical	13	0	1	1.000	0.929	0.963	0.0	0.0
rosetta_v06_00600_Golden-ratio-Convergence_golden-ratio-convergence	7	0	1	1.000	0.875	0.933	0.0	0.0
rosetta_v06_01130_Pseudo-random-numbers-Middle-square-method_pseudo-random-numbers-middle-square-method	10	0	1	1.000	0.909	0.952	0.0	0.0
rosetta_v06_01098_Pragmatic-directives_pragmatic-directives	8	0	2	1.000	0.800	0.889	1.0	0.0
rosetta_v06_00940_N-queens-problem_n-queens-problem-4	10	0	1	1.000	0.909	0.952	0.0	0.0
rosetta_v06_01494_Tonelli-Shanks-algorithm_tonelli-shanks-algorithm-2	11	0	1	1.000	0.917	0.957	0.0	0.0
rosetta_v06_00088_Arithmetic-Rational_arithmetic-rational	11	10	9	0.524	0.550	0.537	0.0	0.0
rosetta_v06_00735_Kaprekar-numbers_kaprekar-numbers-1	11	1	1	0.917	0.917	0.917	0.0	0.0
rosetta_v06_00778_Levenshtein-distance-Alignment_levenshtein-distance-alignment	10	0	1	1.000	0.909	0.952	0.0	0.0
rosetta_v06_00189_Box-the-compass_box-the-compass	8	0	2	1.000	0.800	0.889	1.0	0.0
rosetta_v06_01615_Y-combinator_y-combinator	14	1	3	0.933	0.824	0.875	0.0	0.0
rosetta_v06_01563_Verify-distribution-uniformity-Chi-squared-test_verify-distribution-uniformity-chi-squared-test-1	10	0	0	1.000	1.000	1.000	0.0	0.0
rosetta_v06_00440_Ethiopian-multiplication_ethiopian-multiplication	11	0	3	1.000	0.786	0.880	0.0	0.0
rosetta_v06_00318_Count-the-coins_count-the-coins-1	12	1	1	0.923	0.923	0.923	0.0	0.0
rosetta_v06_01590_Word-wheel_word-wheel	11	0	3	1.000	0.786	0.880	0.0	0.0
rosetta_v06_00696_Increment-a-numerical-string_increment-a-numerical-string	11	1	1	0.917	0.917	0.917	0.0	0.0
rosetta_v06_00865_Maximum-triangle-path-sum_maximum-triangle-path-sum	8	0	2	1.000	0.800	0.889	1.0	0.0
rosetta_v06_00326_Create-a-two-dimensional-array-at-runtime_create-a-two-dimensional-array-at-runtime-4	8	1	2	0.889	0.800	0.842	1.0	0.0
rosetta_v06_01554_Variables_variables-1	6	0	0	1.000	1.000	1.000	0.0	0.0
rosetta_v06_00013_21-game_21-game	12	1	1	0.923	0.923	0.923	0.0	0.0
rosetta_v06_00919_Multiplication-tables_multiplication-tables	8	0	2	1.000	0.800	0.889	1.0	0.0
rosetta_v06_01436_Sum-to-100_sum-to-100-1	11	1	5	0.917	0.688	0.786	0.0	0.0
rosetta_v06_01330_Sorting-algorithms-Cocktail-sort_sorting-algorithms-cocktail-sort-3	12	0	2	1.000	0.857	0.923	0.4	0.0
rosetta_v06_01466_Terminal-control-Inverse-video_terminal-control-inverse-video	8	0	2	1.000	0.800	0.889	1.0	0.0
rosetta_v06_01034_Pascals-triangle-Puzzle_pascals-triangle-puzzle-2	11	1	1	0.917	0.917	0.917	0.0	0.0
rosetta_v06_00061_Anagrams_anagrams-1	11	0	2	1.000	0.846	0.917	0.0	0.0
rosetta_v06_00864_Matrix-transposition_matrix-transposition-2	11	1	1	0.917	0.917	0.917	0.7	0.0
rosetta_v06_01209_Rock-paper-scissors_rock-paper-scissors-1	10	0	1	1.000	0.909	0.952	0.0	0.0
rosetta_v06_01516_Two-bullet-roulette_two-bullet-roulette	10	0	1	1.000	0.909	0.952	0.0	0.0
rosetta_v06_01385_Stem-and-leaf-plot_stem-and-leaf-plot-1	11	0	1	1.000	0.917	0.957	0.0	0.0
rosetta_v06_00209_Calculating-the-value-of-e_calculating-the-value-of-e-1	8	0	2	1.000	0.800	0.889	1.0	0.0
rosetta_v06_01508_Trigonometric-functions_trigonometric-functions	8	0	2	1.000	0.800	0.889	1.0	0.0
rosetta_v06_00285_Compiler-code-generator_compiler-code-generator	23	2	5	0.920	0.821	0.868	0.0	0.0
rosetta_v06_00501_Fibonacci-word_fibonacci-word	12	0	2	1.000	0.857	0.923	0.0	0.0
rosetta_v06_01518_UPC_upc	13	1	1	0.929	0.929	0.929	0.0	0.0
rosetta_v06_01309_Smarandache-prime-digital-sequence_smarandache-prime-digital-sequence	10	3	2	0.769	0.833	0.800	0.0	0.0
